,realized_pnl,gross_sale_value,gross_buy_value,transaction_cost
2020-01-02,0.0,0.24,0.23952047952047956,0.0004795204795204795
2020-01-03,0.0,0.0,0.0,0.0
2020-01-06,0.004182102321306314,0.09414214228134628,0.09395404609297196,0.00018809618837431827
2020-01-07,0.0,0.0,0.0,0.0
2020-01-08,0.0,0.02997002997002997,0.02991014979026967,5.988017976029964e-05
2020-01-09,-0.00017152571650375648,0.07480349925852121,0.07465404171754515,0.00014945754097606638
2020-01-10,-0.00033238376997874906,0.004592935807375786,0.004583759112455955,9.176694919831741e-06
2020-01-13,0.0,0.0,0.0,0.0
2020-01-14,0.0,0.0,0.0,0.0
2020-01-15,0.0,0.0,0.0,0.0
2020-01-16,0.0054343858470979195,0.03534453563736759,0.03527391718454568,7.061845282191326e-05
2020-01-17,0.0,0.0,0.0,0.0
2020-01-20,0.0,0.0,0.0,0.0
2020-01-21,0.0005563347038652092,0.002558048118495817,0.002552937133244069,5.110985251739886e-06
2020-01-22,0.0022191800218168355,0.03484115359910466,0.03477154090460096,6.961269450370561e-05
2020-01-23,0.0033114370990417006,0.08794743644980288,0.08777171729605701,0.0001757191537458599
2020-01-24,0.0,0.0,0.0,0.0
2020-01-27,0.0008975537333931061,0.0344087321160822,0.034339983400565544,6.874871551664773e-05
2020-01-28,0.0002230446244785944,0.033734223007167684,0.033666821962198314,6.7401044969366e-05
2020-01-29,0.0,0.0,0.0,0.0
2020-01-30,0.0,0.0,0.0,0.0
2020-01-31,0.0,0.0,0.0,0.0
2020-02-03,0.00012969527445041512,0.0024790154413303167,0.002474062363525461,4.953077804855778e-06
2020-02-04,0.0,0.0,0.0,0.0
2020-02-05,0.0,0.0,0.0,0.0
2020-02-06,0.0020886053127573165,0.027063630287782293,0.027009557100394117,5.407318738817641e-05
2020-02-07,0.0,0.0,0.0,0.0
2020-02-10,0.0,0.0,0.0,0.0
2020-02-11,0.00010945675383341736,0.025109456753833415,0.025059288009070514,5.0168744762903934e-05
2020-02-12,-0.0004116808747058859,0.024617963129829373,0.02456877639030923,4.9186739520138594e-05
2020-02-13,0.0,0.0,0.0,0.0
2020-02-14,0.0,0.0,0.0,0.0
2020-02-17,0.0,0.0,0.0,0.0
2020-02-18,0.0,0.0,0.0,0.0
2020-02-19,0.0016649615318164446,0.05503629563978311,0.05492633301113219,0.0001099626286509153
2020-02-20,0.0,0.0,0.0,0.0
2020-02-21,0.0,0.0,0.0,0.0
2020-02-26,0.00017661298979274737,0.001640156047788996,0.0016368790127284788,3.277035060517475e-06
2020-02-27,-0.012893453563240287,0.052041611371824656,0.0519376321283245,0.00010397924350014916
2020-02-28,-0.003668255179770971,0.02090052121053826,0.02085876192740032,4.1759283137938575e-05
2020-03-02,-0.001074379900434257,0.05540883416224664,0.055298127200883514,0.00011070696136313018
2020-03-03,-0.0020350237127838263,0.02090917925318396,0.020867402671259513,4.1776581924443475e-05
2020-03-04,0.0,0.0,0.0,0.0
2020-03-05,0.0,0.0,0.0,0.0
2020-03-06,0.0,0.0,0.0,0.0
2020-03-09,-0.00030564701023414245,0.003345087768420987,0.0033384042763761872,6.683492044797174e-06
2020-03-10,-0.002472126639362185,0.042169223241147934,0.04208496904885793,8.425419229000587e-05
2020-03-11,0.0,0.0,0.0,0.0
2020-03-12,0.0,0.0,0.0,0.0
2020-03-13,-0.00014037333658652764,0.0017582127641073476,0.0017546998514917486,3.5129126155990966e-06
2020-03-16,-0.0015765108749247168,0.001171864082608749,0.00116952269583031,2.341386778439059e-06
2020-03-17,-0.002944390321691465,0.04506986633483279,0.04497981665184611,9.004968298667891e-05
2020-03-18,-0.0032968640596020534,0.023842376480605866,0.0237947393647605,4.763711584536637e-05
2020-03-19,-0.019858279158750602,0.07820653656206805,0.07805027974576023,0.00015625681630782832
2020-03-20,-0.0055436748087711925,0.06645298370806044,0.06632021051383855,0.000132773194221899
2020-03-23,-0.005983415840452364,0.01908345225049967,0.019045323474774396,3.812877572527407e-05
2020-03-24,-0.008327526447257236,0.029997681198396187,0.029937745771426365,5.993542696982255e-05
2020-03-25,0.0,0.0,0.0,0.0
2020-03-26,-0.02342763541759366,0.05317639304041982,0.05307014650087851,0.00010624653954129833
2020-03-27,0.0,0.0,0.0,0.0
2020-03-30,-0.0028678117868211755,0.04662533291847387,0.046532175410145246,9.315750832861912e-05
2020-03-31,0.00042839743789680477,0.022428182976544156,0.022383371422145464,4.4811554398689617e-05
2020-04-01,-0.00814832040259449,0.01566234066967096,0.015631047281719573,3.1293387951390536e-05
2020-04-02,0.0,0.0,0.0,0.0
2020-04-03,0.0,0.0,0.0,0.0
2020-04-06,0.0008770506093219388,0.02363068274433466,0.023583468592997328,4.721415133733198e-05
2020-04-07,0.0,0.023583468592997328,0.023536348775628702,4.711981736862603e-05
2020-04-08,0.0,0.0,0.0,0.0
2020-04-09,0.0,0.0,0.0,0.0
2020-04-13,0.0,0.0,0.0,0.0
2020-04-14,0.0,0.0,0.0,0.0
2020-04-15,-0.009122358039831281,0.04802603509687137,0.0479300789827917,9.595611407966306e-05
2020-04-16,0.0,0.0,0.0,0.0
2020-04-17,0.0,0.0,0.0,0.0
2020-04-20,-0.00789304372341495,0.02918542870880035,0.02912711616392762,5.8312544872727964e-05
2020-04-22,-0.010450597792206046,0.041944797936440154,0.04186099214635736,8.380579008279753e-05
2020-04-23,-2.787084692802422e-05,0.02909924531699959,0.029041104966715872,5.814035028371546e-05
2020-04-24,4.91303803393478e-05,0.0012120286901594413,0.001209607054414867,2.4216357445743086e-06
2020-04-27,0.0003452503721352129,0.022863609741859307,0.022817928203913533,4.568153794577284e-05
2020-04-28,-0.005448442180358668,0.0235670267894965,0.02351993982288412,4.7086966612380615e-05
2020-04-29,-0.0025502475128693805,0.030509541186596198,0.030448583062347257,6.095812424894346e-05
2020-04-30,-0.004446971463513758,0.015997259460661436,0.015965296904296475,3.196255636495791e-05
2020-05-04,-0.002232171151768239,0.04642321600080143,0.046330462322478144,9.275367832327957e-05
2020-05-05,0.0027319309392967194,0.04010082916792048,0.040020707631121435,8.012153679904192e-05
2020-05-06,-0.0008190605862268552,0.02141568146776099,0.02137289289339983,4.278857436116082e-05
2020-05-07,0.0,0.0,0.0,0.0
2020-05-08,-0.0023630873867278358,0.04633980520333711,0.04624721817995382,9.258702338329094e-05
2020-05-11,0.0,0.0,0.0,0.0
2020-05-12,-0.0046598873945627685,0.02116910634911164,0.021126810432330195,4.229591678144184e-05
2020-05-13,0.0,0.0,0.0,0.0
2020-05-14,0.0,0.0,0.0,0.0
2020-05-15,0.0,0.0,0.0,0.0
2020-05-18,0.0,0.0,0.0,0.0
2020-05-19,0.001309635295420155,0.036868397567641646,0.03679473443563837,7.366313200328001e-05
2020-05-20,0.0,0.0,0.0,0.0
2020-05-21,0.0,0.0,0.0,0.0
2020-05-22,0.0,0.0,0.0,0.0
2020-05-25,0.0,0.0,0.0,0.0
2020-05-26,0.0028490440996632588,0.02331992927241181,0.02327333600713226,4.659326527954407e-05
2020-05-27,0.0,0.0,0.0,0.0
2020-05-28,0.0,0.0,0.0,0.0
2020-05-29,0.0,0.0,0.0,0.0
2020-06-01,0.00024138754841137694,0.0011041157251757334,0.0011019096997508043,2.2060254249265376e-06
2020-06-02,0.0,0.0,0.0,0.0
2020-06-03,0.001777525025910226,0.005273925544230968,0.005263388230456277,1.0537313774687244e-05
2020-06-04,0.015861702823890475,0.05031244604211661,0.050211921674400105,0.00010052436771651672
2020-06-05,0.0001014262317162052,0.0009500621059678361,0.0009481638799818865,1.8982259859497226e-06
2020-06-08,0.0002292983305217383,0.0014717445757890637,0.0014688040271860882,2.9405486029751517e-06
2020-06-09,-0.0012587195904739735,0.0043102516876455076,0.0043016397961617,8.611891483807208e-06
2020-06-10,0.0,0.0,0.0,0.0
2020-06-12,0.0,0.0,0.0,0.0
2020-06-15,0.0,0.0,0.0,0.0
2020-06-16,0.0,0.0,0.0,0.0
2020-06-17,0.0,0.0,0.0,0.0
2020-06-18,0.0,0.0,0.0,0.0
2020-06-19,0.000310593994163628,0.0019147965381038179,0.0019109707707949193,3.825767308898737e-06
2020-06-22,0.0034758800243918217,0.022998487912781827,0.022952536887981066,4.59510248007629e-05
2020-06-23,0.0006102319074756707,0.001726501293135968,0.0017230517401027297,3.4495530332386974e-06
2020-06-24,0.010469564957071315,0.0557802550268049,0.05566880596581228,0.0001114490609926172
2020-06-25,0.0,0.0,0.0,0.0
2020-06-26,0.0,0.0,0.0,0.0
2020-06-29,0.0,0.0,0.0,0.0
2020-06-30,0.0,0.0,0.0,0.0
2020-07-01,0.0005658831776219096,0.0016369571063891753,0.001633686462819966,3.270643569209141e-06
2020-07-02,0.0,0.0,0.0,0.0
2020-07-03,0.0,0.0,0.0,0.0
2020-07-06,0.0,0.0,0.0,0.0
2020-07-07,0.0,0.0,0.0,0.0
2020-07-08,0.0004444851067777651,0.026795023093298516,0.026741486583621597,5.353650967692012e-05
2020-07-09,0.0,0.0,0.0,0.0
2020-07-10,0.0,0.0,0.0,0.0
2020-07-13,0.0,0.0,0.0,0.0
2020-07-14,0.0,0.0,0.0,0.0
2020-07-15,0.0,0.0,0.0,0.0
2020-07-16,0.0,0.0,0.0,0.0
2020-07-17,0.0,0.0,0.0,0.0
2020-07-20,0.000982376796184385,0.0021788435758021475,0.002174490241984361,4.353333817786509e-06
2020-07-21,0.0038046419339953412,0.006546493739517301,0.006533413831945838,1.307990757146314e-05
2020-07-22,0.030603071396698513,0.04882576576938411,0.04872821179182291,9.755397756120702e-05
2020-07-23,0.0,0.0,0.0,0.0
2020-07-24,0.0,0.0,0.0,0.0
2020-07-27,0.00012584883414647392,0.001371821512116652,0.0013690806099945377,2.7409021221111893e-06
2020-07-28,0.0,0.0,0.0,0.0
2020-07-29,0.0,0.0,0.0,0.0
2020-07-30,0.0,0.0,0.0,0.0
2020-07-31,0.0,0.0,0.0,0.0
2020-08-03,0.0,0.0,0.0,0.0
2020-08-04,0.0046243242031832,0.05118163462346153,0.05107937361522284,0.00010226100823868438
2020-08-05,0.004171172038173828,0.052500040133384177,0.05239514494830249,0.00010489518508168666
2020-08-06,0.003725082276525685,0.021393671500165426,0.0213509269017635,4.274459840192893e-05
2020-08-07,0.0,0.0,0.0,0.0
2020-08-10,0.0,0.0,0.0,0.0
2020-08-11,0.0,0.0,0.0,0.0
2020-08-12,0.0,0.0,0.0,0.0
2020-08-13,0.0,0.0,0.0,0.0
2020-08-14,0.0,0.0,0.0,0.0
2020-08-17,0.0,0.0,0.0,0.0
2020-08-18,0.0,0.0,0.0,0.0
2020-08-19,0.0,0.0,0.0,0.0
2020-08-20,0.0,0.0,0.0,0.0
2020-08-21,0.0,0.0,0.0,0.0
2020-08-24,0.0,0.0,0.0,0.0
2020-08-25,0.0,0.0,0.0,0.0
2020-08-26,0.0,0.0,0.0,0.0
2020-08-27,0.00024943916770161763,0.0015782635884665195,0.00157511021466339,3.1533738031299096e-06
2020-08-28,0.0,0.0,0.0,0.0
2020-08-31,0.002167951258365483,0.01989221141332861,0.0198524667351801,3.9744678148508713e-05
2020-09-01,0.0,0.0,0.0,0.0
2020-09-02,0.0,0.0,0.0,0.0
2020-09-03,0.0,0.0,0.0,0.0
2020-09-04,0.0,0.0,0.0,0.0
2020-09-08,0.0,0.0,0.0,0.0
2020-09-09,0.0,0.0,0.0,0.0
2020-09-10,0.0,0.0,0.0,0.0
2020-09-11,0.003552441044654242,0.02669743149997495,0.026644089978496484,5.334152147847143e-05
2020-09-14,0.00403913585504708,0.02907708044106432,0.029018984376247014,5.8096064817311336e-05
2020-09-15,0.002812279680141422,0.02266474641532152,0.0226194622066995,4.528420862202102e-05
2020-09-16,0.0041059128902128225,0.056899554838167526,0.056785869413915446,0.00011368542425208299
2020-09-17,0.0,0.0,0.0,0.0
2020-09-18,0.0,0.0,0.0,0.0
2020-09-21,0.0,0.0,0.0,0.0
2020-09-22,0.0016354853640524886,0.021807346544883803,0.021763775422916003,4.3571121967799806e-05
2020-09-23,0.0,0.0,0.0,0.0
2020-09-24,0.0,0.0,0.0,0.0
2020-09-25,0.020063007078341067,0.0511619818779417,0.05105976013592783,0.00010222174201386953
2020-09-28,-0.004314166219704596,0.03420380276999146,0.034135463503717746,6.83392662737092e-05
2020-09-29,0.0,0.0,0.0,0.0
2020-09-30,0.0,0.0,0.0,0.0
2020-10-01,0.0,0.0,0.0,0.0
2020-10-02,0.0,0.0,0.0,0.0
2020-10-05,0.0,0.0,0.0,0.0
2020-10-06,-0.003806780547629971,0.06767521007768229,0.06753999487273188,0.0001352152049504142
2020-10-07,0.0,0.0,0.0,0.0
2020-10-08,0.00029069574270505603,0.04486716266743027,0.044777517986776066,8.964468065420633e-05
2020-10-09,0.0,0.0,0.0,0.0
2020-10-13,0.0,0.0,0.0,0.0
2020-10-14,0.0,0.0,0.0,0.0
2020-10-15,-0.00044788147856651976,0.026396924048267933,0.026344182941278396,5.2741106989546334e-05
2020-10-16,0.0,0.0,0.0,0.0
2020-10-19,-5.229223660149426e-05,0.0018538964632618727,0.0018501923744241866,3.70408883768606e-06
2020-10-20,0.0021351387681424884,0.05453028371644498,0.054421332100627905,0.00010895161581707287
2020-10-21,0.004887177451901318,0.03223436375898403,0.03216995943578925,6.440432319477329e-05
2020-10-22,0.0011256537803825601,0.028739199036609576,0.02868177805951345,5.742097709612302e-05
2020-10-23,0.0,0.0,0.0,0.0
2020-10-26,0.0,0.0,0.0,0.0
2020-10-27,8.377246122305283e-05,0.026863134345362274,0.026809461749267644,5.367259609462992e-05
2020-10-28,0.0,0.0,0.0,0.0
2020-10-29,0.00030026925519122675,0.026652659775362648,0.02659940770787941,5.3252067483242055e-05
2020-10-30,0.0,0.0,0.0,0.0
2020-11-03,0.0,0.0,0.0,0.0
2020-11-04,-0.025112954914339895,0.03982211002072505,0.03974254536533897,7.956465538606402e-05
2020-11-05,0.0,0.0,0.0,0.0
2020-11-06,0.0018014452371123814,0.02840085294499179,0.02834410798406274,5.674496092905454e-05
2020-11-09,0.0011203540642902854,0.028468603316407368,0.02841172299010086,5.688032630650822e-05
2020-11-10,0.0,0.0,0.0,0.0
2020-11-11,0.0,0.0,0.0,0.0
2020-11-12,0.010219867155613389,0.051931529976959594,0.05182777067630632,0.00010375930065326591
2020-11-13,0.0,0.0,0.0,0.0
2020-11-16,0.0003488480216057015,0.0022117188018820734,0.0022072997832968946,4.419018585178968e-06
2020-11-17,0.0,0.0,0.0,0.0
2020-11-18,0.0,0.0,0.0,0.0
2020-11-19,0.0,0.0,0.0,0.0
2020-11-23,0.0,0.0,0.0,0.0
2020-11-24,0.0,0.0,0.0,0.0
2020-11-25,0.0,0.0,0.0,0.0
2020-11-26,0.00514340959606629,0.03249165884818337,0.0324267404488863,6.491839929706967e-05
2020-11-27,0.0,0.0,0.0,0.0
2020-11-30,0.0,0.0,0.0,0.0
2020-12-01,-0.003266556422838125,0.046499951899742514,0.04640704490293982,9.290699680268234e-05
2020-12-02,0.0,0.0,0.0,0.0
2020-12-03,0.002365415612622792,0.035449018961949255,0.03537819175123607,7.082721071318534e-05
2020-12-04,0.0,0.0,0.0,0.0
2020-12-07,0.0,0.0,0.0,0.0
2020-12-08,0.0,0.0,0.0,0.0
2020-12-09,0.0,0.0,0.0,0.0
2020-12-10,-0.002165479583343517,0.04760102873923712,0.04750592178870918,9.510695052794629e-05
2020-12-11,0.0,0.0,0.0,0.0
2020-12-14,0.000305664458994432,0.002456801699537281,0.0024518930048329107,4.908694704370193e-06
2020-12-15,0.0,0.0,0.0,0.0
2020-12-16,0.0,0.0,0.0,0.0
2020-12-17,0.0030559866249654124,0.03347521834445899,0.033408334791323206,6.68835531357822e-05
2020-12-18,0.007061750300143686,0.08589520044025134,0.08572358165815294,0.0001716187820984043
2020-12-21,0.0,0.0,0.0,0.0
2020-12-22,0.0,0.0,0.0,0.0
2020-12-23,0.0,0.0,0.0,0.0
2020-12-28,-0.0006096714853454887,0.005655556134906333,0.005644256322448978,1.129981245735531e-05
2020-12-29,0.0,0.0,0.0,0.0
2020-12-30,0.0,0.0,0.0,0.0
2021-01-04,0.0,0.0,0.0,0.0
2021-01-05,0.0005152164362566596,0.0028952953604401755,0.00288951055452521,5.784805914965386e-06
2021-01-06,0.0,0.0,0.0,0.0
2021-01-07,-0.0018358608755526837,0.09778200403976056,0.09758663540032048,0.00019536863944008103
2021-01-08,0.0005279259952248122,0.002873366977318015,0.0028676259843563407,5.740992961674356e-06
2021-01-11,0.0,0.0,0.0,0.0
2021-01-12,0.0,0.0,0.0,0.0
2021-01-13,0.0,0.0,0.0,0.0
2021-01-14,0.0,0.0,0.0,0.0
2021-01-15,0.0,0.0,0.0,0.0
2021-01-18,0.0,0.0,0.0,0.0
2021-01-19,0.0,0.0,0.0,0.0
2021-01-20,0.015194711534301042,0.10691606649456281,0.10670244798008817,0.000213618514474651
2021-01-21,-0.00047978811836430494,0.03239722230104545,0.032332492586158244,6.47297148872037e-05
2021-01-22,0.0,0.0,0.0,0.0
2021-01-26,0.0,0.0,0.0,0.0
2021-01-27,0.012260696724982534,0.0682578698498569,0.06812149048951754,0.00013637936033937444
2021-01-28,0.0,0.0,0.0,0.0
2021-01-29,0.0,0.0,0.0,0.0
2021-02-01,0.0,0.0,0.0,0.0
2021-02-02,0.0,0.0,0.0,0.0
2021-02-03,0.0,0.0,0.0,0.0
2021-02-04,0.0,0.0,0.0,0.0
2021-02-05,0.0,0.0,0.0,0.0
2021-02-08,0.0,0.0,0.0,0.0
2021-02-09,0.0,0.0,0.0,0.0
2021-02-10,0.0,0.0,0.0,0.0
2021-02-11,0.0,0.0,0.0,0.0
2021-02-12,0.0,0.0,0.0,0.0
2021-02-17,0.0,0.0,0.0,0.0
2021-02-18,0.0,0.0,0.0,0.0
2021-02-19,0.0,0.0,0.0,0.0
2021-02-22,0.0006030273721563384,0.0031159121693774337,0.003109686570637407,6.225598740014841e-06
2021-02-23,0.016956872594633125,0.08034487684222649,0.0801843476177665,0.000160529224459993
2021-02-24,-0.001009033790520303,0.03077210695080833,0.030710624219637883,6.148273117044622e-05
2021-02-25,0.0,0.0,0.0,0.0
2021-02-26,0.0,0.0,0.0,0.0
2021-03-01,0.010472883576508387,0.09111623961853506,0.09093418918972679,0.00018205042880826188
2021-03-02,0.0,0.0,0.0,0.0
2021-03-03,-2.840532739517565e-05,0.060422106113562406,0.06030138262482402,0.00012072348873838643
2021-03-04,0.0017701006325221036,0.031920791944934114,0.03185701413885032,6.377780608378445e-05
2021-03-05,0.0,0.0,0.0,0.0
2021-03-08,-0.002481938646806284,0.047739101200673616,0.047643718381091854,9.538281958176547e-05
2021-03-09,0.0,0.0,0.0,0.0
2021-03-10,0.0,0.0,0.0,0.0
2021-03-11,0.0,0.0,0.0,0.0
2021-03-12,0.0,0.0,0.0,0.0
2021-03-15,0.0,0.0,0.0,0.0
2021-03-16,0.002064815772428158,0.03392182991127848,0.03385405402733986,6.777588393861834e-05
2021-03-17,0.004413723775520828,0.11634570375355632,0.11611324480499778,0.0002324589485585541
2021-03-18,0.0010045006703953586,0.043916769463134164,0.043829023670001035,8.77457931331352e-05
2021-03-19,-0.0029757716603006526,0.040806244370534275,0.04072471341275099,8.153095778328526e-05
2021-03-22,0.0,0.0,0.0,0.0
2021-03-23,0.0,0.0,0.0,0.0
2021-03-24,0.0,0.0,0.0,0.0
2021-03-25,0.0,0.0,0.0,0.0
2021-03-26,0.0033530037020996772,0.03535537637197561,0.0352847362593443,7.064011263131991e-05
2021-03-29,0.0007710688923317073,0.0032756412302860417,0.003269096492563186,6.544737722849227e-06
2021-03-30,0.013898692503532052,0.06089319672009673,0.06077153199138525,0.00012166472871148199
2021-03-31,0.0,0.0,0.0,0.0
2021-04-01,0.02266654230960793,0.07449431298591425,0.0743454731997286,0.00014883978618564285
2021-04-05,0.0,0.0,0.0,0.0
2021-04-06,0.0027502248052530933,0.03803496106459739,0.0379589671363964,7.599392820099378e-05
2021-04-07,0.00349490476481496,0.03847557466795112,0.038398700392890284,7.687427506084141e-05
2021-04-08,-5.788082051537136e-05,0.03834081957237491,0.03826421453826428,7.660503411063919e-05
2021-04-09,0.0,0.0,0.0,0.0
2021-04-12,0.0,0.0,0.0,0.0
2021-04-13,0.001806315600564612,0.038428757821264835,0.03835197708635721,7.678073490762204e-05
2021-04-14,0.0,0.0,0.0,0.0
2021-04-15,0.0,0.0,0.0,0.0
2021-04-16,0.025753093719596942,0.08378166173013435,0.08361426580260162,0.00016739592753273598
2021-04-19,0.0,0.0,0.0,0.0
2021-04-20,0.0,0.0,0.0,0.0
2021-04-22,0.0,0.0,0.0,0.0
2021-04-23,0.0033682267176904203,0.03999066893839064,0.0399107675019503,7.990143644034095e-05
2021-04-26,0.0,0.0,0.0,0.0
2021-04-27,0.004075287858332039,0.08393137356523678,0.08376367851315838,0.00016769505207839518
2021-04-28,0.005092381953380057,0.027301479874417552,0.027246931463080055,5.4548411337497606e-05
2021-04-29,0.00037858053165003015,0.040042003857011704,0.03996199985330139,8.000400371031309e-05
2021-04-30,0.0,0.0,0.0,0.0
2021-05-03,0.0021166304531186897,0.04166331652684627,0.04158007313718224,8.324338966402852e-05
2021-05-04,0.0,0.0,0.0,0.0
2021-05-05,0.0,0.0,0.0,0.0
2021-05-06,0.0,0.0,0.0,0.0
2021-05-07,0.0007699227981395985,0.003024018002747353,0.003017976008735865,6.041994011483217e-06
2021-05-10,0.0,0.0,0.0,0.0
2021-05-11,0.0,0.0,0.0,0.0
2021-05-12,0.0,0.0,0.0,0.0
2021-05-13,0.0,0.0,0.0,0.0
2021-05-14,0.0,0.0,0.0,0.0
2021-05-17,0.0,0.0,0.0,0.0
2021-05-18,0.0,0.0,0.0,0.0
2021-05-19,0.0,0.0,0.0,0.0
2021-05-20,0.0,0.0,0.0,0.0
2021-05-21,0.0,0.0,0.0,0.0
2021-05-24,0.0,0.0,0.0,0.0
2021-05-25,0.0,0.0,0.0,0.0
2021-05-26,0.001026231785694621,0.0030147003846334175,0.003008677007241543,6.023377391874961e-06
2021-05-27,0.0,0.0,0.0,0.0
2021-05-28,0.023860371971293728,0.06253007696048599,0.06240514174178372,0.0001249352187022697
2021-05-31,0.0,0.0,0.0,0.0
2021-06-01,0.0,0.0,0.0,0.0
2021-06-02,0.0,0.0,0.0,0.0
2021-06-04,0.0,0.0,0.0,0.0
2021-06-07,0.0,0.0,0.0,0.0
2021-06-08,0.02635104176179758,0.084379609772335,0.08421101914341923,0.00016859062891575423
2021-06-09,0.09710799773784981,0.19220413788323337,0.19182011363171844,0.0003840242515149518
2021-06-10,0.0027892944864579107,0.04673043009577373,0.046637062603074875,9.33674926988486e-05
2021-06-11,0.0,0.0,0.0,0.0
2021-06-14,0.0,0.0,0.0,0.0
2021-06-15,0.0,0.0,0.0,0.0
2021-06-16,0.0,0.0,0.0,0.0
2021-06-17,0.0,0.0,0.0,0.0
2021-06-18,-0.0004322401177047608,0.002175078980871312,0.0021707331687217104,4.345812149593023e-06
2021-06-21,-0.007532085375341764,0.08345414147498155,0.08328739993357301,0.00016674154140855455
2021-06-22,0.0,0.0,0.0,0.0
2021-06-23,0.0,0.0,0.0,0.0
2021-06-24,0.0,0.0,0.0,0.0
2021-06-25,0.0,0.0,0.0,0.0
2021-06-28,0.0002243729704995201,0.03977105904422709,0.03969159638879407,7.946265543302116e-05
2021-06-29,-0.0013950470701670882,0.03924078769282108,0.03916238452060765,7.840317221342873e-05
2021-06-30,0.0,0.0,0.0,0.0
2021-07-01,0.006301523529438444,0.07124352799382591,0.07110118328254954,0.00014234471127637545
2021-07-02,0.005218817932055683,0.10112887474791489,0.10092681905411284,0.00020205569380202774
2021-07-05,0.0,0.0,0.0,0.0
2021-07-06,0.0,0.0,0.0,0.0
2021-07-07,0.0,0.0,0.0,0.0
2021-07-08,0.0,0.0,0.0,0.0
2021-07-12,0.0,0.0,0.0,0.0
2021-07-13,0.0,0.0,0.0,0.0
2021-07-14,0.0,0.0,0.0,0.0
2021-07-15,0.0,0.0,0.0,0.0
2021-07-16,0.0,0.0,0.0,0.0
2021-07-19,0.0,0.0,0.0,0.0
2021-07-20,-0.001463324933628457,0.04360191585612662,0.04351479914112936,8.711671499725598e-05
2021-07-21,0.0,0.0,0.0,0.0
2021-07-22,0.0,0.0,0.0,0.0
2021-07-23,0.0,0.0,0.0,0.0
2021-07-26,0.0,0.0,0.0,0.0
2021-07-27,0.0,0.0,0.0,0.0
2021-07-28,0.0,0.0,0.0,0.0
2021-07-29,0.0,0.0,0.0,0.0
2021-07-30,0.0,0.0,0.0,0.0
2021-08-02,0.0,0.0,0.0,0.0
2021-08-03,0.0,0.0,0.0,0.0
2021-08-04,-0.0003446216597745577,0.08356802081323587,0.08340105174068195,0.00016696907255391784
2021-08-05,0.0,0.0,0.0,0.0
2021-08-06,0.0,0.0,0.0,0.0
2021-08-09,0.0,0.0,0.0,0.0
2021-08-10,0.0,0.0,0.0,0.0
2021-08-11,0.0,0.0,0.0,0.0
2021-08-12,0.0,0.0,0.0,0.0
2021-08-13,0.0,0.0,0.0,0.0
2021-08-16,0.0,0.0,0.0,0.0
2021-08-17,0.0014800834098054995,0.04211591817279366,0.04203177048413673,8.414768865693038e-05
2021-08-18,0.0,0.0,0.0,0.0
2021-08-19,0.001253876238641538,0.041850953741013726,0.041767335451820896,8.361828919283462e-05
2021-08-20,0.0,0.0,0.0,0.0
2021-08-23,0.00037856280327821514,0.04214589825509911,0.042061690666177834,8.420758892127695e-05
2021-08-24,-4.318313337676332e-05,0.0030552529596182187,0.0030491485581005,6.104401517718719e-06
2021-08-25,0.0,0.0,0.0,0.0
2021-08-26,-0.0013714830811752399,0.08128728508737479,0.08112487292935806,0.00016241215801673285
2021-08-27,0.0,0.0,0.0,0.0
2021-08-30,0.0,0.0,0.0,0.0
2021-08-31,0.0,0.0,0.0,0.0
2021-09-01,-6.313810039979551e-05,0.040499298364279235,0.040418380685229724,8.091767904950896e-05
2021-09-02,-0.0007760158670465278,0.04493799920570192,0.04484821299350271,8.978621219920463e-05
2021-09-03,0.0,0.0,0.0,0.0
2021-09-06,-0.00048449176663928117,0.0036342214253107753,0.0036269602436418227,7.261181668952598e-06
2021-09-08,-0.0008244287096542902,0.039404932737848536,0.03932620160350719,7.873113434135571e-05
2021-09-09,0.0004079183228370953,0.10133473737694992,0.10113227036920377,0.00020246700774615372
2021-09-10,0.0,0.0,0.0,0.0
2021-09-13,0.0,0.0,0.0,0.0
2021-09-14,0.0,0.0,0.0,0.0
2021-09-15,0.0,0.0,0.0,0.0
2021-09-16,-0.006823461277002765,0.03430325451514365,0.03423471654408442,6.853797105922807e-05
2021-09-17,-0.0006623210959223581,0.055468088117958725,0.055357262767073694,0.00011082535088503244
2021-09-20,0.0,0.0,0.0,0.0
2021-09-21,0.0023196243120792116,0.0738899683487068,0.07374233604431378,0.0001476323043930206
2021-09-22,0.0,0.0,0.0,0.0
2021-09-23,-0.005657778102445828,0.04503836199159928,0.04494837525435333,8.99867372459526e-05
2021-09-24,0.0,0.0,0.0,0.0
2021-09-27,-0.006051330045961849,0.13179603515007682,0.13153270640851822,0.0002633287415585951
2021-09-28,0.0,0.0,0.0,0.0
2021-09-29,0.0,0.0,0.0,0.0
2021-09-30,0.0,0.0,0.0,0.0
2021-10-01,0.0,0.0,0.0,0.0
2021-10-04,0.0,0.0,0.0,0.0
2021-10-05,-0.0014275100096853021,0.0040099455567494235,0.004001933677515159,8.011879234264583e-06
2021-10-06,0.0033614261763571275,0.07381507853300141,0.07366759585860981,0.00014748267439161123
2021-10-07,-0.00018963438417971026,0.0026274343265145494,0.002622184707480544,5.249619033995094e-06
2021-10-08,-0.0008562065159334886,0.038692988615545314,0.038615679946982784,7.73086685625281e-05
2021-10-11,0.0,0.0,0.0,0.0
2021-10-13,0.0,0.0,0.0,0.0
2021-10-14,0.0,0.0,0.0,0.0
2021-10-15,0.0,0.0,0.0,0.0
2021-10-18,0.0,0.0,0.0,0.0
2021-10-19,0.0,0.0,0.0,0.0
2021-10-20,-0.00907078698521141,0.07484185548779901,0.07469232131100022,0.00014953417679879923
2021-10-21,0.0,0.0,0.0,0.0
2021-10-22,-0.005486164281116122,0.07425623145801308,0.07410786735919586,0.00014836409881720895
2021-10-25,0.0,0.0,0.0,0.0
2021-10-26,0.0,0.0,0.0,0.0
2021-10-27,0.0,0.0,0.0,0.0
2021-10-28,-0.0003193662186458512,0.034425623399724097,0.03435684093538898,6.878246433511308e-05
2021-10-29,-0.004823826536434728,0.07422285998940635,0.0740745625668501,0.00014829742255625646
2021-11-01,0.0,0.0,0.0,0.0
2021-11-03,0.0004784693302385965,0.11901302224043364,0.118775233984209,0.00023778825622464264
2021-11-04,-0.003208973229711115,0.04012967369227762,0.04004949452406128,8.017916821633891e-05
2021-11-05,0.0,0.0,0.0,0.0
2021-11-08,-0.0003804350704755433,0.038820464828534046,0.03874290146224327,7.756336629077732e-05
2021-11-09,0.0,0.0,0.0,0.0
2021-11-10,0.0024896642754863086,0.08128206026179086,0.08111965854298608,0.00016240171880477694
2021-11-11,0.0,0.0,0.0,0.0
2021-11-12,-0.006350400476727399,0.20217616922151455,0.20177222083146157,0.00040394839005297614
2021-11-16,0.0,0.0,0.0,0.0
2021-11-17,0.0,0.0,0.0,0.0
2021-11-18,0.0,0.0,0.0,0.0
2021-11-19,0.0,0.0,0.0,0.0
2021-11-22,-0.0011962199953038932,0.041147819027285086,0.04106560560265514,8.221342462994023e-05
2021-11-23,0.0,0.0,0.0,0.0
2021-11-24,0.0,0.0,0.0,0.0
2021-11-25,0.0,0.0,0.0,0.0
2021-11-26,-0.007068685348456844,0.08768334894377378,0.08750815743739261,0.00017519150638116638
2021-11-29,0.0,0.0,0.0,0.0
2021-11-30,0.0,0.0,0.0,0.0
2021-12-01,-5.121167399074755e-05,0.04071751224574426,0.04063615857492359,8.135367082066786e-05
2021-12-02,-0.0004239576927803912,0.04056720949043999,0.04048615612482472,8.10533656152647e-05
2021-12-03,0.004309297553750404,0.07560984895607274,0.07545878032678986,0.0001510686292828626
2021-12-06,0.0,0.0,0.0,0.0
2021-12-07,0.0,0.0,0.0,0.0
2021-12-08,0.0,0.0,0.0,0.0
2021-12-09,0.0,0.0,0.0,0.0
2021-12-10,0.003998419070299078,0.0752989704726214,0.07514852297916959,0.000150447493451791
2021-12-13,0.0,0.0,0.0,0.0
2021-12-14,0.0009884212412002548,0.0809601410254282,0.08079838250190088,0.0001617585235273291
2021-12-15,-8.074617254396066e-05,0.04089352835056525,0.040811822999215465,8.170535134978071e-05
2021-12-16,0.0,0.0,0.0,0.0
2021-12-17,0.01603767646852213,0.1553706630602691,0.1550602321650438,0.0003104308952253129
2021-12-20,-0.0018750503797846764,0.11837527025841657,0.11813875623192624,0.00023651402649034283
2021-12-21,0.0,0.0,0.0,0.0
2021-12-22,0.00046496968384920906,0.07947823407438727,0.07931943640390897,0.00015879767047829625
2021-12-23,0.0,0.0,0.0,0.0
2021-12-27,0.00038117683043929486,0.040186041043306225,0.040105749253009915,8.029179029631614e-05
2021-12-28,-0.002245253336336524,0.0427031219180168,0.04261780099510367,8.532092291312047e-05
2021-12-29,-0.00529385556025971,0.13588928061704514,0.13561777356286525,0.0002715070541799104
2021-12-30,0.0,0.0,0.0,0.0
2022-01-03,0.0,0.0,0.0,0.0
2022-01-04,0.0,0.0,0.0,0.0
2022-01-05,-0.0013130082868644866,0.03724622009854863,0.03717180207637371,7.441802217492234e-05
2022-01-06,0.0,0.0,0.0,0.0
2022-01-07,-0.0006925045433027685,0.0024253223584758845,0.0024204765595578453,4.84579891803373e-06
2022-01-10,-0.013474968350561979,0.07155805286674277,0.0714150797341419,0.0001429731326008847
2022-01-11,0.0,0.0,0.0,0.0
2022-01-12,-0.0013823176657073377,0.00319035720092109,0.00318398286085931,6.3743400617804e-06
2022-01-13,0.0,0.0,0.0,0.0
2022-01-14,0.0,0.0,0.0,0.0
2022-01-17,-0.001150707689145236,0.07597898572282429,0.07582717955754394,0.00015180616528036824
2022-01-18,-0.000987093631488666,0.07457832197377318,0.07442931433746194,0.0001490076363112351
2022-01-19,0.0,0.0,0.0,0.0
2022-01-20,0.0009542130397138017,0.11255532945354946,0.11233044368041548,0.00022488577313396492
2022-01-21,0.001531184132893565,0.08375781891472318,0.08359047062518327,0.00016734828953990645
2022-01-24,0.0,0.0,0.0,0.0
2022-01-25,0.0,0.0,0.0,0.0
2022-01-26,-0.00022093508311863547,0.001466043482322349,0.0014631143245155086,2.9291578068378573e-06
2022-01-27,0.00015421655311917626,0.040939964725395045,0.040858166594075575,8.179813131947062e-05
2022-01-28,0.001063756966424828,0.07594041770902368,0.07578868860271196,0.00015172910631173564
2022-01-31,0.0,0.0,0.0,0.0
2022-02-01,0.01424289179114728,0.15272322895098883,0.15241808763440345,0.0003051413165853923
2022-02-02,0.0,0.0,0.0,0.0
2022-02-03,0.0,0.0,0.0,0.0
2022-02-04,0.0,0.0,0.0,0.0
2022-02-07,0.0,0.0,0.0,0.0
2022-02-08,0.0,0.0,0.0,0.0
2022-02-09,0.0,0.0,0.0,0.0
2022-02-10,0.0,0.0,0.0,0.0
2022-02-11,0.0005632798179943,0.0395695311176906,0.039490471115457455,7.906000223314807e-05
2022-02-14,0.0,0.0,0.0,0.0
2022-02-15,0.0,0.0,0.0,0.0
2022-02-16,0.0007104206859349316,0.03956098867249497,0.0394819457380844,7.904293441057937e-05
2022-02-17,0.0,0.0,0.0,0.0
2022-02-18,0.0,0.0,0.0,0.0
2022-02-21,0.0016490927445996506,0.041754841997609565,0.04167141573987208,8.342625773748165e-05
2022-02-22,0.0007092606262200263,0.04019120636430443,0.040110904253686436,8.030211061799086e-05
2022-02-23,0.0,0.0,0.0,0.0
2022-02-24,0.0,0.0,0.0,0.0
2022-02-25,0.0,0.0,0.0,0.0
2022-03-02,0.009398684786293781,0.11329142213397196,0.1130650656461918,0.00022635648778016377
2022-03-03,0.0,0.0,0.0,0.0
2022-03-04,0.0,0.0,0.0,0.0
2022-03-07,0.0042454721792287604,0.0844643482757215,0.08429558833910666,0.00016875993661482816
2022-03-08,0.0006170809863145924,0.004615376490287778,0.00460615495883864,9.22153144912642e-06
2022-03-09,0.010469159672197135,0.1207987431001753,0.12055738697010501,0.00024135613007028034
2022-03-10,0.015564351306996927,0.08963891387384704,0.08945981514482836,0.0001790987290186754
2022-03-11,0.0006592907559907158,0.03987468149251793,0.03979501179922618,7.966969329174412e-05
2022-03-14,0.004731561745449953,0.05576665063000963,0.055655228750629004,0.00011142187938063862
2022-03-15,-0.0002335330031038585,0.039561478796122325,0.03948243488244376,7.90439136785661e-05
2022-03-16,0.001631898103568663,0.040980810913054146,0.040898931170970126,8.187974208402427e-05
2022-03-17,0.009006189061458256,0.12207125470765007,0.12182735609684556,0.0002438986108044956
2022-03-18,0.0,0.0,0.0,0.0
2022-03-21,0.005215184177406283,0.09023625169845909,0.09005595948727338,0.00018029221118573248
2022-03-22,0.0,0.0,0.0,0.0
2022-03-23,0.0004961681447681852,0.0036347975481090256,0.0036275352153455707,7.262332763454596e-06
2022-03-24,0.0,0.0,0.0,0.0
2022-03-25,0.008960743838684077,0.04969888381505358,0.049599585345892636,9.929846916094621e-05
2022-03-28,0.0,0.0,0.0,0.0
2022-03-29,0.0,0.0,0.0,0.0
2022-03-30,0.0,0.0,0.0,0.0
2022-03-31,0.0,0.0,0.0,0.0
2022-04-01,0.0,0.0,0.0,0.0
2022-04-04,0.0,0.0,0.0,0.0
2022-04-05,0.0,0.0,0.0,0.0
2022-04-06,0.001904697315172216,0.04912667506299562,0.04902851986806456,9.815519493106017e-05
2022-04-07,0.0015714181836465947,0.04879339593147,0.04869590662890962,9.748930256037961e-05
2022-04-08,0.0,0.0,0.0,0.0
2022-04-11,0.0,0.0,0.0,0.0
2022-04-12,0.0,0.0,0.0,0.0
2022-04-13,0.0,0.0,0.0,0.0
2022-04-14,0.0,0.0,0.0,0.0
2022-04-18,0.0006505496891111074,0.04951276293759819,0.04941383633832227,9.892659927592048e-05
2022-04-19,0.0,0.0,0.0,0.0
2022-04-20,0.0,0.0,0.0,0.0
2022-04-22,0.0019818048866246663,0.04133071769611015,0.04124813883957446,8.257885653568462e-05
2022-04-25,0.0,0.0,0.0,0.0
2022-04-26,0.002928677890246051,0.13393796114927772,0.13367035283529316,0.0002676083139845709
2022-04-27,0.0,0.0,0.0,0.0
2022-04-28,0.0006847925908517128,0.050430709560245646,0.05032994890178363,0.00010076065846202929
2022-04-29,0.0,0.0,0.0,0.0
2022-05-02,0.0,0.0,0.0,0.0
2022-05-03,0.0002388346619117132,0.0420350122793255,0.041951026240805364,8.398603852013086e-05
2022-05-04,0.0,0.0,0.0,0.0
2022-05-05,0.01689717650749334,0.12975722322975522,0.12949796803848693,0.0002592551912682421
2022-05-06,0.0,0.0,0.0,0.0
2022-05-09,-0.00023972627186222284,0.04171129996894314,0.04162796070826593,8.333926067720908e-05
2022-05-10,0.0,0.0,0.0,0.0
2022-05-11,0.0,0.0,0.0,0.0
2022-05-12,-0.0005439062623030067,0.04116816290053685,0.041085908828807506,8.225407172934435e-05
2022-05-13,-0.00248045680205537,0.04726546016733855,0.04717102368348772,9.443648385082627e-05
2022-05-16,0.0,0.0,0.0,0.0
2022-05-17,0.0,0.0,0.0,0.0
2022-05-18,-0.0007156762704671305,0.04803481002216854,0.0479388363757706,9.597364639793915e-05
2022-05-19,-0.0029270387383995566,0.12926504847270576,0.12900677664758547,0.00025827182512029123
2022-05-20,0.0058795933214534565,0.1836743317487132,0.18330735006689758,0.0003669816818156108
2022-05-23,0.0,0.0,0.0,0.0
2022-05-24,0.0,0.0,0.0,0.0
2022-05-25,0.005889800920675448,0.1353502934721238,0.13507986331533633,0.00027043015678746013
2022-05-26,-0.0002073825206448444,0.0888628090248908,0.088685260954911,0.00017754806997980182
2022-05-27,-0.0003390890324686369,0.04122877474535651,0.04114639957104012,8.237517431639664e-05
2022-05-30,0.0,0.0,0.0,0.0
2022-05-31,0.0,0.0,0.0,0.0
2022-06-01,0.0,0.0,0.0,0.0
2022-06-02,0.0,0.0,0.0,0.0
2022-06-03,0.0,0.0,0.0,0.0
2022-06-06,0.0003295474067839088,0.04147594697782403,0.041393077952893306,8.286902493071733e-05
2022-06-07,0.0005343917989735326,0.042014862664332756,0.04193091688478364,8.394577954911639e-05
2022-06-08,0.0,0.0,0.0,0.0
2022-06-09,-0.001495033688669667,0.08391726795376636,0.08374960108472786,0.0001676668690384942
2022-06-10,0.0,0.0,0.0,0.0
2022-06-13,0.0,0.0,0.0,0.0
2022-06-14,0.0,0.0,0.0,0.0
2022-06-15,0.0,0.0,0.0,0.0
2022-06-17,0.0,0.0,0.0,0.0
2022-06-20,-0.0005211678755175974,0.041409749009266035,0.04132701224800876,8.27367612572748e-05
2022-06-21,-0.0017774403234385784,0.03962630123324542,0.039547127804207965,7.917342903745339e-05
2022-06-22,-0.001464990046828002,0.046519292669900146,0.046426347030200044,9.29456397001002e-05
2022-06-23,0.00021431253751362793,0.0866054151378719,0.08643237734538864,0.00017303779248326054
2022-06-24,0.0,0.0,0.0,0.0
2022-06-27,-0.003127098881347708,0.04352987166322668,0.04344289889267077,8.697277055589744e-05
2022-06-28,0.0,0.0,0.0,0.0
2022-06-29,0.0,0.0,0.0,0.0
2022-06-30,0.0,0.0,0.0,0.0
2022-07-01,0.0,0.0,0.0,0.0
2022-07-04,0.0,0.0,0.0,0.0
2022-07-05,0.00034588466071152626,0.04134230386640639,0.0412597018606793,8.260200572708568e-05
2022-07-06,0.0,0.0,0.0,0.0
2022-07-07,0.00029737547950244687,0.0032844838212565453,0.0032779214160192703,6.5624052372758146e-06
2022-07-08,-0.0009595376355288959,0.12954123036631207,0.12928240672921654,0.0002588236370955286
2022-07-11,-0.0005229264820972024,0.04532035400858572,0.045229803850726405,9.055015785931212e-05
2022-07-12,0.00045290939821622793,0.08774950058233388,0.0875741769048467,0.0001753236774871806
2022-07-13,-0.003808276989271384,0.11902295641839744,0.11878514831366539,0.0002378081047320628
2022-07-14,0.0,0.0,0.0,0.0
2022-07-15,-0.01701342506481102,0.1627889436402784,0.16246369100563252,0.00032525263464591096
2022-07-18,0.0,0.0,0.0,0.0
2022-07-19,0.0,0.0,0.0,0.0
2022-07-20,0.0004149565786667531,0.045714443078973044,0.04562310553036371,9.133754860933676e-05
2022-07-21,0.00028105898898817504,0.002880852313120308,0.0028750963644427452,5.755948677563053e-06
2022-07-22,0.004511877738981718,0.05498199828288226,0.054872144140458934,0.00010985414242334121
2022-07-25,-0.004646283963444584,0.06302123665091121,0.06289532009416612,0.00012591655674507735
2022-07-26,-0.0005160803540314174,0.046447712555703305,0.046354909933214394,9.28026224889177e-05
2022-07-27,-0.0002455644966003589,0.08324925772253117,0.08308292553926938,0.00016633218326180056
2022-07-28,0.0,0.0,0.0,0.0
2022-07-29,0.0,0.0,0.0,0.0
2022-08-01,0.0029086808559344755,0.09063668934110983,0.09045559705471401,0.00018109228639582382
2022-08-02,0.0010929616310539503,0.07829692578537346,0.07814048837121688,0.00015643741415659034
2022-08-03,0.0,0.0,0.0,0.0
2022-08-04,0.0005635030045269329,0.043119991614362176,0.04303383778496286,8.615382939932504e-05
2022-08-05,0.0018635748162254663,0.048666524081577865,0.04856928826922706,9.723581235080494e-05
2022-08-08,-0.007056498779062137,0.07835580286337389,0.07819924781269781,0.0001565550506760717
2022-08-09,0.0,0.0,0.0,0.0
2022-08-10,0.0,0.0,0.0,0.0
2022-08-11,0.0018109416676980407,0.044844779452660896,0.04475517949371452,8.959995894637541e-05
2022-08-12,0.0,0.0,0.0,0.0
2022-08-15,0.0017394891608235208,0.0453953232125984,0.045304623266119684,9.069994647871809e-05
2022-08-16,-0.00023424692049480169,0.04507037634562488,0.04498032564363562,9.00507019892605e-05
2022-08-17,0.0068669677768952945,0.11391952407438435,0.11369191263767228,0.00022761143671205664
2022-08-18,0.0,0.0,0.0,0.0
2022-08-19,0.001168832381485302,0.09571501848856577,0.09552377969038682,0.00019123879817895258
2022-08-22,0.0,0.0,0.0,0.0
2022-08-23,0.0,0.0,0.0,0.0
2022-08-24,0.0,0.0,0.0,0.0
2022-08-25,0.0038184153351815244,0.12864617622787974,0.12838914091074116,0.0002570353171386209
2022-08-26,0.0,0.0,0.0,0.0
2022-08-29,-0.003343785326605753,0.01685114792429243,0.01681747929707107,3.36686272213635e-05
2022-08-30,0.00024049426790712647,0.046031305014940294,0.045939334375549805,9.19706393904901e-05
2022-08-31,0.0,0.0,0.0,0.0
2022-09-01,0.03512175089149417,0.144515528029094,0.14422678571534955,0.0002887423137444436
2022-09-02,0.0,0.0,0.0,0.0
2022-09-05,0.0,0.0,0.0,0.0
2022-09-06,0.002422215072396478,0.1276398044499625,0.1273847798656469,0.0002550245843156094
2022-09-08,0.0,0.0,0.0,0.0
2022-09-09,0.001049227569293154,0.0453553214272371,0.04526470140440545,9.062002283164255e-05
2022-09-12,-0.0034014300753409167,0.016793503175557268,0.01675994972265905,3.3553452898216314e-05
2022-09-13,-0.0016060103612024813,0.08920819693388497,0.08902995877817292,0.00017823815571205788
2022-09-14,0.00019104425689475126,0.04470602364598121,0.044616700921413815,8.932272456739502e-05
2022-09-15,0.0,0.0,0.0,0.0
2022-09-16,0.0,0.0,0.0,0.0
2022-09-19,0.0,0.0,0.0,0.0
2022-09-20,0.0,0.0,0.0,0.0
2022-09-21,0.0,0.0,0.0,0.0
2022-09-22,0.0,0.0,0.0,0.0
2022-09-23,0.0007856419176925822,0.08362415000339804,0.08345706878461003,0.00016708121878800805
2022-09-26,0.0,0.0,0.0,0.0
2022-09-27,0.0,0.0,0.0,0.0
2022-09-28,0.0,0.0,0.0,0.0
2022-09-29,0.0,0.0,0.0,0.0
2022-09-30,0.0,0.0,0.0,0.0
2022-10-03,4.7769371677819364e-05,0.04456274876076428,0.044473712299703816,8.903646106046809e-05
2022-10-04,0.00043152632957721985,0.017220240839442284,0.017185834763839006,3.4406075603281294e-05
2022-10-05,0.011823771761085245,0.06842174081070528,0.0682850340358587,0.00013670677484656397
2022-10-06,0.0,0.0,0.0,0.0
2022-10-07,0.0,0.0,0.0,0.0
2022-10-10,0.0007565761227826929,0.0453017827333415,0.04521126968092723,9.051305241426873e-05
2022-10-11,0.0,0.0,0.0,0.0
2022-10-13,0.0,0.0,0.0,0.0
2022-10-14,0.0,0.0,0.0,0.0
2022-10-17,-0.00024824335121839957,0.016937591412620606,0.01690375007113685,3.384134148375745e-05
2022-10-18,0.0,0.0,0.0,0.0
2022-10-19,0.0003930584117644992,0.017239290702265455,0.017204846564998193,3.444413726726365e-05
2022-10-20,0.0,0.0,0.0,0.0
2022-10-21,-0.001169457410379987,0.08228761137423003,0.08212320056229351,0.00016441081193652356
2022-10-24,0.0011780321723601258,0.1995364130332942,0.19913773888137953,0.0003986741519146738
2022-10-25,0.008653766326750757,0.07197399848670911,0.07183019429392849,0.00014380419278063763
2022-10-26,0.0,0.0,0.0,0.0
2022-10-27,-0.001569296317673552,0.09232471016220306,0.09214024520683403,0.0001844649553690371
2022-10-28,-0.0018427586713731404,0.04322298201442409,0.04313662240999966,8.635960442442375e-05
2022-10-31,0.0003563980565047143,0.08825382964399045,0.08807749831603044,0.00017633132796002088
2022-11-01,0.0022720451012779195,0.10187687745423635,0.10167332724953257,0.0002035502047037689
2022-11-03,5.655060025902786e-05,0.1716837928964482,0.1713407683352165,0.0003430245612316647
2022-11-04,0.0,0.0,0.0,0.0
2022-11-07,0.0,0.0,0.0,0.0
2022-11-08,0.0,0.0,0.0,0.0
2022-11-09,-0.00814027943524933,0.03851669110932506,0.038439734683532206,7.695642579285726e-05
2022-11-10,0.008155862147946525,0.07513641964267491,0.07498629692610613,0.00015012271656878102
2022-11-11,0.0,0.0,0.0,0.0
2022-11-14,-0.00038123639325360337,0.044176716046258474,0.04408845087933288,8.826516692559135e-05
2022-11-16,0.0,0.0,0.0,0.0
2022-11-17,0.004521101889963805,0.20579188779774252,0.20538071519475004,0.0004111726029924925
2022-11-18,-0.005847674883974419,0.1140821173401518,0.11385418104176989,0.00022793629838192172
2022-11-21,-0.0008565371698867467,0.04969228953093375,0.04959300423716563,9.928529376809937e-05
2022-11-22,0.0024523220640510174,0.005869885923674748,0.005858157879871203,1.1728043803545952e-05
2022-11-23,-0.00223833054633813,0.08713837487022061,0.08696427222312726,0.00017410264709334785
2022-11-24,0.0,0.0,0.0,0.0
2022-11-25,8.444238397109505e-05,0.04348359414056113,0.04339671383258798,8.688030797314912e-05
2022-11-28,0.0024141871215997224,0.037409684465321655,0.03733493984101531,7.474462430633696e-05
2022-11-29,-0.0014209889800620046,0.0441523744339776,0.044064157901641976,8.821653233561957e-05
2022-11-30,0.0,0.0,0.0,0.0
2022-12-01,-0.000982431969199188,0.04308172593244279,0.0429956485579524,8.607737449039518e-05
2022-12-02,0.0,0.0,0.0,0.0
2022-12-05,-0.007652415176431362,0.11885695426575699,0.11861947783365757,0.00023747643209941457
2022-12-06,-0.0034133108253870457,0.07651046508929014,0.07635759702717368,0.00015286806211646382
2022-12-07,0.0,0.0,0.0,0.0
2022-12-08,-0.00130895100956841,0.042090200747021626,0.042006104441832774,8.40963051888544e-05
2022-12-09,0.024750468218087802,0.148426301804011,0.1481297457564506,0.0002965560475604616
2022-12-12,0.0,0.0,0.0,0.0
2022-12-13,0.0,0.0,0.0,0.0
2022-12-14,0.0,0.0,0.0,0.0
2022-12-15,-0.0004912400913942072,0.0030006355354045278,0.002994640259609514,5.9952757950140425e-06
2022-12-16,0.0007073100652941867,0.004415330436174636,0.004406508597141315,8.82183903331595e-06
2022-12-19,-0.009923860570485521,0.138595881646424,0.13831896679797961,0.0002769148484444036
2022-12-20,-0.008231435873564294,0.11669745542671967,0.11646429367761532,0.000233161749104335
2022-12-21,3.586792296646491e-05,0.04067504770576172,0.040593778879176784,8.126882658493851e-05
2022-12-22,0.0028902691779226467,0.048929265732650405,0.048831504961955804,9.776077069460621e-05
2022-12-23,0.0016011236781633853,0.0846015237212961,0.08443248970786696,0.00016903401342916306
2022-12-26,0.004049634869905616,0.06544478524411347,0.06531402643243693,0.0001307588116765504
2022-12-27,-0.0036645195621705373,0.14597625823190444,0.14568459737629622,0.0002916608556082006
2022-12-28,0.013782098234978972,0.20082847288943967,0.20042721719935086,0.0004012556900887905
2022-12-29,-0.0007189968663049678,0.003018248896175777,0.0030122184288507506,6.030467325026528e-06
2023-01-02,0.0,0.0,0.0,0.0
2023-01-03,-0.001770037037232708,0.04485261331458633,0.044762997703568175,8.96156110181545e-05
2023-01-04,-0.001051418526223733,0.12328749781909502,0.12304116915212382,0.0002463286669712188
2023-01-05,0.0,0.0,0.0,0.0
2023-01-06,0.0002962694818074568,0.09447627206465067,0.09428750828430174,0.00018876378034895242
2023-01-09,-0.007562705972567779,0.16243151928441224,0.1621069807843435,0.00032453850006875575
2023-01-10,0.0,0.0,0.0,0.0
2023-01-11,-0.0006375686954624005,0.0033543485550387242,0.003347646559923762,6.701995114962486e-06
2023-01-12,-0.0011610014893942851,0.019530568671180235,0.0194915465559531,3.9022115227133336e-05
2023-01-13,0.00211252724068651,0.12562781629799008,0.12537681167002207,0.0002510046279680121
2023-01-16,0.0,0.0,0.0,0.0
2023-01-17,0.02045699358154055,0.16254048320729064,0.16221572699708628,0.00032475621020437695
2023-01-18,-0.0011342469003828516,0.06542515634217236,0.06529443674908111,0.00013071959309125347
2023-01-19,-0.0007134770109881756,0.004211415356441517,0.004203000940144931,8.414416296586448e-06
2023-01-20,0.0,0.0,0.0,0.0
2023-01-23,0.0,0.0,0.0,0.0
2023-01-24,0.0002489184970062286,0.016221229849123588,0.01618881979947499,3.241004964859858e-05
2023-01-25,0.0,0.0,0.0,0.0
2023-01-26,-0.00530800904738788,0.1263276967525208,0.12607529376200627,0.0002524029905145271
2023-01-27,0.0,0.0,0.0,0.0
2023-01-30,0.0,0.0,0.0,0.0
2023-01-31,0.0,0.0,0.0,0.0
2023-02-01,0.0,0.0,0.0,0.0
2023-02-02,0.0017266118099547824,0.08110784782184054,0.08094579417983885,0.00016205364200167939
2023-02-03,0.0,0.0,0.0,0.0
2023-02-06,0.0,0.0,0.0,0.0
2023-02-07,9.452928374204195e-05,0.03509002662746397,0.03501991668415236,7.010994331161632e-05
2023-02-08,0.0,0.0,0.0,0.0
2023-02-09,0.0,0.0,0.0,0.0
2023-02-10,0.0,0.0,0.0,0.0
2023-02-13,-0.008789120610958023,0.10315417176534392,0.10294806952405454,0.00020610224128939848
2023-02-14,0.0,0.0,0.0,0.0
2023-02-15,0.0,0.0,0.0,0.0
2023-02-16,0.0,0.0,0.0,0.0
2023-02-17,-0.0009782221934881896,0.03519920606909564,0.0351288779850415,7.032808405413715e-05
2023-02-22,0.0,0.0,0.0,0.0
2023-02-23,0.0,0.0,0.0,0.0
2023-02-24,0.0,0.0,0.0,0.0
2023-02-27,0.0,0.0,0.0,0.0
2023-02-28,0.0,0.0,0.0,0.0
2023-03-01,-0.000527462358036166,0.03460141562700534,0.034532281929448884,6.913369755645423e-05
2023-03-02,0.0,0.0,0.0,0.0
2023-03-03,0.0,0.0,0.0,0.0
2023-03-06,-0.000704359341116384,0.015666659076996433,0.015635357060858578,3.130201613785501e-05
2023-03-07,-0.0009411965086415375,0.03441365858737482,0.03434490002875869,6.875855861613352e-05
2023-03-08,0.0,0.0,0.0,0.0
2023-03-09,0.0017266118099547824,0.08110784782184054,0.08094579417983887,0.0001620536420016794
2023-03-10,0.0,0.0,0.0,0.0
2023-03-13,-0.008278092488133547,0.11779720127387273,0.1175618422303685,0.00023535904350424123
2023-03-14,0.00098087287858993,0.0819266670584288,0.08176297741395643,0.00016368964447238522
2023-03-15,0.0,0.0,0.0,0.0
2023-03-16,0.002061252168831429,0.08365126581194124,0.08348413041571359,0.00016713539622765483
2023-03-17,0.0010151626089544674,0.04475654144977566,0.044667117790535345,8.9423659240311e-05
2023-03-20,0.0,0.0,0.0,0.0
2023-03-21,-0.011588796667623991,0.11679265282873405,0.11655930087503029,0.00023335195370376437
2023-03-22,0.0,0.0,0.0,0.0
2023-03-23,0.0,0.0,0.0,0.0
2023-03-24,0.0,0.0,0.0,0.0
2023-03-27,0.0,0.0,0.0,0.0
2023-03-28,0.0,0.0,0.0,0.0
2023-03-29,0.0,0.0,0.0,0.0
2023-03-30,0.0,0.0,0.0,0.0
2023-03-31,0.0,0.0,0.0,0.0
2023-04-03,0.0,0.0,0.0,0.0
2023-04-04,0.0,0.0,0.0,0.0
2023-04-05,0.0,0.0,0.0,0.0
2023-04-06,0.0,0.0,0.0,0.0
2023-04-10,0.0,0.0,0.0,0.0
2023-04-11,-0.0011662541637473378,0.04257512467707384,0.04249005949290386,8.50651841699777e-05
2023-04-12,-0.00018870341136026925,0.04338988523035933,0.043303192152976,8.669307738333533e-05
2023-04-13,-0.0010014248288656624,0.11261932006610033,0.11239430643959465,0.000225013626505695
2023-04-14,0.0,0.0,0.0,0.0
2023-04-17,0.0,0.0,0.0,0.0
2023-04-18,0.0,0.0,0.0,0.0
2023-04-19,0.0,0.0,0.0,0.0
2023-04-20,0.0,0.0,0.0,0.0
2023-04-24,0.0,0.0,0.0,0.0
2023-04-25,0.0,0.0,0.0,0.0
2023-04-26,0.0,0.0,0.0,0.0
2023-04-27,0.0,0.0,0.0,0.0
2023-04-28,0.0,0.0,0.0,0.0
2023-05-02,0.0,0.0,0.0,0.0
2023-05-03,0.0,0.0,0.0,0.0
2023-05-04,0.006019130335491163,0.08696492451533003,0.0867911684223923,0.00017375609293772236
2023-05-05,0.0010844289157994848,0.0174554473339123,0.017420571315263127,3.487601864917543e-05
2023-05-08,0.0,0.0,0.0,0.0
2023-05-09,-0.0019002267287912807,0.0390410900593102,0.03896308588336753,7.800417594267775e-05
2023-05-10,0.0,0.0,0.0,0.0
2023-05-11,0.002763226833251259,0.04634181547497086,0.046249224435060826,9.25910399100317e-05
2023-05-12,0.0017386975432594266,0.04651490583727784,0.04642196896247808,9.293687479975592e-05
2023-05-15,0.0,0.0,0.0,0.0
2023-05-16,0.0,0.0,0.0,0.0
2023-05-17,0.0,0.0,0.0,0.0
2023-05-18,0.0,0.0,0.0,0.0
2023-05-19,0.0,0.0,0.0,0.0
2023-05-22,0.0,0.0,0.0,0.0
2023-05-23,0.0,0.0,0.0,0.0
2023-05-24,0.0,0.0,0.0,0.0
2023-05-25,0.0,0.0,0.0,0.0
2023-05-26,-0.0056591260924297206,0.11283741413493689,0.1126119647560459,0.0002254493788909828
2023-05-29,0.0,0.0,0.0,0.0
2023-05-30,0.0,0.0,0.0,0.0
2023-05-31,0.0,0.0,0.0,0.0
2023-06-01,0.0,0.0,0.0,0.0
2023-06-02,0.0,0.0,0.0,0.0
2023-06-05,0.0,0.0,0.0,0.0
2023-06-06,0.0,0.0,0.0,0.0
2023-06-07,0.00281276968713124,0.11542473444317715,0.11519411559314083,0.00023061885003631798
2023-06-09,0.01625016312282107,0.08285893421353095,0.08269338189742,0.00016555231611095094
2023-06-12,0.0,0.0,0.0,0.0
2023-06-13,0.006886823504891417,0.042333241297749645,0.04224865939705485,8.45819006948045e-05
2023-06-14,0.0,0.0,0.0,0.0
2023-06-15,0.0,0.0,0.0,0.0
2023-06-16,0.005986099805168896,0.12283142771542262,0.12258601027742978,0.0002454174379928524
2023-06-19,0.002714790006240553,0.04749099830025896,0.04739611119076794,9.488710949102691e-05
2023-06-20,0.0,0.0,0.0,0.0
2023-06-21,0.0,0.0,0.0,0.0
2023-06-22,0.0002626351440357666,0.04717167522065877,0.047077426119318797,9.424910133997756e-05
2023-06-23,0.0,0.0,0.0,0.0
2023-06-26,0.0,0.0,0.0,0.0
2023-06-27,0.0,0.0,0.0,0.0
2023-06-28,0.0,0.0,0.0,0.0
2023-06-29,0.007350399562236616,0.09162747248041098,0.09144440060732324,0.00018307187308773423
2023-06-30,0.0006607996427464347,0.0050850124680089205,0.005074852602937963,1.0159865070946885e-05
2023-07-03,0.014139676371611933,0.09240884544376944,0.09222421238593975,0.0001846330578297092
2023-07-04,0.0,0.0,0.0,0.0
2023-07-05,0.0,0.0,0.0,0.0
2023-07-06,0.009069163372888656,0.05496438016500668,0.054854561223618065,0.00010981894138862474
2023-07-07,-3.741180844949732e-05,0.0043492147750580305,0.0043405250352477245,8.689739810305755e-06
2023-07-10,0.009959207545443985,0.09423628046361834,0.09404799618696777,0.00018828427665058614
2023-07-11,0.0,0.0,0.0,0.0
2023-07-12,0.0014190870714935633,0.05218175068522072,0.05207749144309241,0.00010425924212831315
2023-07-13,0.0,0.0,0.0,0.0
2023-07-14,0.0,0.0,0.0,0.0
2023-07-17,-0.0010726534905371565,0.051004837952555254,0.050902930184418285,0.00010190776813697354
2023-07-18,3.6502404895533135e-05,0.05086929930396825,0.05076766234232197,0.00010163696164629021
2023-07-19,-0.001686707574163693,0.045390718545155105,0.045300027798811135,9.069074634396623e-05
2023-07-20,0.0,0.0,0.0,0.0
2023-07-21,0.0,0.0,0.0,0.0
2023-07-24,0.0,0.0,0.0,0.0
2023-07-25,0.0,0.0,0.0,0.0
2023-07-26,0.003860881863949717,0.006798335505031014,0.006784752417108874,1.3583087922139887e-05
2023-07-27,-0.000941397091015006,0.04516313684670206,0.045072900809046315,9.023603765574839e-05
2023-07-28,0.0,0.0,0.0,0.0
2023-07-31,0.0,0.0,0.0,0.0
2023-08-01,0.0,0.0,0.0,0.0
2023-08-02,-0.00016316244089462472,0.003631164131850584,0.003623909058660073,7.255073190510657e-06
2023-08-03,0.01567695475172675,0.1325222826619805,0.13225750287644208,0.00026477978553842254
2023-08-04,0.0,0.0,0.0,0.0
2023-08-07,-0.00018763697741791874,0.003959739326496292,0.003951827759410386,7.911567085906678e-06
2023-08-08,0.0,0.0,0.0,0.0
2023-08-09,0.0,0.0,0.0,0.0
2023-08-10,0.0,0.0,0.0,0.0
2023-08-11,0.0,0.0,0.0,0.0
2023-08-14,0.0008840838053045406,0.09795726930494773,0.09776155048515764,0.0001957188197901054
2023-08-15,0.0,0.0,0.0,0.0
2023-08-16,0.0,0.0,0.0,0.0
2023-08-17,0.0,0.0,0.0,0.0
2023-08-18,0.011147918804487442,0.05042829631435588,0.05032754047756396,0.00010075583679191983
2023-08-21,0.0,0.0,0.0,0.0
2023-08-22,-0.0003111584156523445,0.003579950613101044,0.0035727978646233195,7.152748477724364e-06
2023-08-23,0.0,0.0,0.0,0.0
2023-08-24,0.0006838183883168814,0.0515166152873896,0.0514136849871151,0.00010293030027450469
2023-08-25,-0.0015292189507164933,0.10065212837872058,0.10045102522511673,0.00020110315360383733
2023-08-28,0.0,0.0,0.0,0.0
2023-08-29,0.0019133534407035136,0.05213886605326188,0.05203469249471391,0.00010417355854797578
2023-08-30,0.0,0.0,0.0,0.0
2023-08-31,0.0,0.0,0.0,0.0
2023-09-01,0.0,0.0,0.0,0.0
2023-09-04,0.0,0.0,0.0,0.0
2023-09-05,0.0,0.0,0.0,0.0
2023-09-06,0.0,0.0,0.0,0.0
2023-09-08,0.0,0.0,0.0,0.0
2023-09-11,0.0,0.0,0.0,0.0
2023-09-12,0.0,0.0,0.0,0.0
2023-09-13,-0.0005317450906812182,0.04454115571836509,0.04445216240024648,8.899331811861158e-05
2023-09-14,-0.0038353168042041673,0.1352549527168998,0.13498471305113174,0.00027023966576803155
2023-09-15,0.0,0.0,0.0,0.0
2023-09-18,0.0,0.0,0.0,0.0
2023-09-19,0.0047496889543711075,0.04927008688895104,0.04917164515690518,9.844173204585624e-05
2023-09-20,0.0,0.0,0.0,0.0
2023-09-21,0.0,0.0,0.0,0.0
2023-09-22,0.0,0.0,0.0,0.0
2023-09-25,0.0,0.0,0.0,0.0
2023-09-26,0.004105068058687283,0.020633032246748135,0.020591807407094292,4.122483965384244e-05
2023-09-27,-0.0004205724483323459,0.04416029181603912,0.044072059464758326,8.823235128079745e-05
2023-09-28,-0.000515552683904047,0.04415965113296601,0.04407142006177128,8.82310711947373e-05
2023-09-29,0.0,0.0,0.0,0.0
2023-10-02,0.0,0.0,0.0,0.0
2023-10-03,-0.002092116822851864,0.04994257567186205,0.049842790305884295,9.978536597774635e-05
2023-10-04,0.0,0.0,0.0,0.0
2023-10-05,-0.0001146688743056401,0.04395675118746564,0.043868925510767404,8.782567669823305e-05
2023-10-06,0.0,0.0,0.0,0.0
2023-10-09,-0.0007957576439847514,0.043476307019833973,0.0433894412715426,8.686574829137658e-05
2023-10-10,0.0010593835481923276,0.09448297627895627,0.09429419910357373,0.00018877717538253
2023-10-11,0.004714794789002714,0.09306065398772231,0.09287471861511948,0.0001859353726028418
2023-10-13,-2.6596992085881068e-05,0.05000755446713545,0.04990763927339493,9.991519374053038e-05
2023-10-16,0.0003470219664444274,0.05075851222269845,0.05065709661386188,0.00010141560883656033
2023-10-17,-0.0009232677318864902,0.049488222524367534,0.04938934495688629,9.887756748125382e-05
2023-10-18,-0.00034307706572570543,0.04292193991691573,0.04283618179520361,8.575812171211935e-05
2023-10-19,-0.0023012113011838396,0.09711268287888185,0.09691865154445851,0.0001940313344233404
2023-10-20,0.0,0.0,0.0,0.0
2023-10-23,0.000820021364325263,0.05084324214969935,0.05074165725029933,0.00010158489939999867
2023-10-24,0.00398552951083776,0.08593944755063156,0.08576774036271821,0.00017170718791334976
2023-10-25,0.0,0.0,0.0,0.0
2023-10-26,-0.010328393350248056,0.16741217212346335,0.16707768226907083,0.0003344898543925342
2023-10-27,0.0,0.0,0.0,0.0
2023-10-30,0.0,0.0,0.0,0.0
2023-10-31,0.0,0.0,0.0,0.0
2023-11-01,0.004975001625547837,0.02150296581360869,0.02146000284495013,4.296296865855882e-05
2023-11-03,0.0,0.0,0.0,0.0
2023-11-06,0.005504526552777029,0.18162577944637373,0.1812628907761512,0.0003628886702225249
2023-11-07,0.0,0.0,0.0,0.0
2023-11-08,0.011368077121964885,0.14529693848323622,0.1450066349098431,0.00029030357339307933
2023-11-09,-0.0015770002495651048,0.0899980233423878,0.08981820711193347,0.00017981623045432125
2023-11-10,0.0,0.0,0.0,0.0
2023-11-13,-0.003662895638190328,0.13737327949659697,0.1370988074096907,0.00027447208690628766
2023-11-14,0.0023212346539420617,0.09289261040052028,0.09270701077934043,0.00018559962117986075
2023-11-16,-0.0006873018940179332,0.0920197088853225,0.09183585332311406,0.00018385556220843656
2023-11-17,0.0,0.0,0.0,0.0
2023-11-20,0.007839174121478205,0.12443264379534913,0.12418402712442936,0.0002486166709197785
2023-11-21,0.0026695375907080576,0.05769495276369044,0.05757967813279395,0.00011527463089648441
2023-11-22,0.0004184769940092592,0.04633640365556629,0.04624382342848223,9.258022708404852e-05
2023-11-23,0.0,0.0,0.0,0.0
2023-11-24,0.00020517059820282792,0.004424778074272027,0.004415937358838916,8.840715433110944e-06
2023-11-27,-0.006562664469239347,0.1192402273814433,0.11900198516889295,0.00023824221255033622
2023-11-28,0.0,0.0,0.0,0.0
2023-11-29,-9.334302981226506e-05,0.05148098153783984,0.05137812243386811,0.00010285910397170796
2023-11-30,0.0055040055828869195,0.008412798861916582,0.008395990072981684,1.6808788934898268e-05
2023-12-01,0.0,0.0,0.0,0.0
2023-12-04,0.0003423849255225431,0.04626031158707957,0.04616788339210039,9.242819497917997e-05
2023-12-05,0.001016038603380359,0.09860001444753977,0.09840301142167057,0.00019700302586921032
2023-12-06,-0.00022490134483473258,0.045356908455969513,0.04526628526225129,9.06231937182208e-05
2023-12-07,-0.0003603075161992431,0.04537576182007205,0.04528510095729469,9.066086277736675e-05
2023-12-08,0.0006850144212307563,0.05288277751548997,0.052777117620354114,0.00010565989513584408
2023-12-11,0.011021690154084897,0.06004643992976656,0.059926467022813984,0.00011997290695258054
2023-12-12,-0.00026503657317925586,0.09824815038344616,0.09805185038268002,0.0001963000007661262
2023-12-13,0.00392650086452232,0.056521969056768484,0.05640903804966207,0.00011293100710643056
2023-12-14,0.0003702949885531215,0.05296576318079929,0.05285993748013834,0.00010582570066093762
2023-12-15,0.0017678871022377475,0.04693977612710855,0.046845990360620815,9.378576648772938e-05
2023-12-18,0.003695903153824476,0.1581367677084957,0.15782081013065655,0.00031595757783915224
2023-12-19,0.0,0.0,0.0,0.0
2023-12-20,0.0012223879316557885,0.0568411771552304,0.056727608369705446,0.00011356878552493584
2023-12-21,0.0,0.0,0.0,0.0
2023-12-22,0.0,0.0,0.0,0.0
2023-12-26,0.005625155140659628,0.1170567651230261,0.11682288547243067,0.00023387965059545675
2023-12-27,0.0,0.0,0.0,0.0
2023-12-28,0.0020177811597336783,0.04873239218179774,0.04863502476485109,9.736741694664883e-05
2024-01-02,0.0,0.0,0.0,0.0
2024-01-03,0.010564352844511269,0.2219691134238841,0.22152561869176843,0.0004434947321156525
2024-01-04,0.0,0.0,0.0,0.0
2024-01-05,-0.0006105278093530786,0.056168748240242095,0.05605652296903283,0.00011222527120927492
2024-01-08,0.0,0.0,0.0,0.0
2024-01-09,0.0,0.0,0.0,0.0
2024-01-10,0.0,0.0,0.0,0.0
2024-01-11,0.0,0.0,0.0,0.0
2024-01-12,0.0011397442944311464,0.15015610884241204,0.14985609663693267,0.00030001220547934475
2024-01-15,0.0,0.0,0.0,0.0
2024-01-16,0.022671140958839632,0.11248934807077311,0.11226459412857374,0.0002247539421993469
2024-01-17,-0.00023102901790301167,0.048403995746948064,0.04830728446673438,9.671128021368245e-05
2024-01-18,0.0,0.0,0.0,0.0
2024-01-19,0.021117396930400947,0.16808530406258795,0.16774946928923612,0.0003358347733518241
2024-01-22,-0.001112300915419886,0.042954718184475944,0.04286889457171975,8.58236127561957e-05
2024-01-23,0.0,0.0,0.0,0.0
2024-01-24,0.0,0.0,0.0,0.0
2024-01-25,0.0,0.0,0.0,0.0
2024-01-26,-0.004455109893125915,0.1213477819575567,0.1211053288467524,0.00024245311080430912
2024-01-29,0.006035973685084032,0.10795578254534735,0.10774008667612586,0.0002156958692214732
2024-01-30,0.0,0.0,0.0,0.0
2024-01-31,0.0,0.0,0.0,0.0
2024-02-01,0.004712888344174627,0.10663269720443795,0.10641964486237114,0.0002130523420668091
2024-02-02,-0.002664134576978439,0.054115141472616736,0.054007019311832286,0.00010812216078444903
2024-02-05,-0.0012187536689697187,0.053813017471462846,0.05370549895503636,0.0001075185164264992
2024-02-06,-0.003911001969328809,0.11614265503849387,0.11591060178167369,0.00023205325682016756
2024-02-07,0.0004817736004685802,0.060001979788962524,0.05988209571346009,0.00011988407550242261
2024-02-08,-0.003870840763378319,0.03899805380834143,0.03892013561891417,7.79181894272556e-05
2024-02-09,-0.001163066666268331,0.0463478810781309,0.046255277919133635,9.260315899726454e-05
2024-02-14,-0.00027406411002545817,0.11563653767164822,0.11540549563833824,0.00023104203330998648
2024-02-15,0.0,0.0,0.0,0.0
2024-02-16,0.0,0.0,0.0,0.0
2024-02-19,0.0,0.0,0.0,0.0
2024-02-20,-0.0009182169097442906,0.045337061009389334,0.04524647747090904,9.058353848029838e-05
2024-02-21,-0.0013926159604305923,0.12060377449107748,0.12036280790867773,0.00024096658239975522
2024-02-22,0.0,0.0,0.0,0.0
2024-02-23,0.0,0.0,0.0,0.0
2024-02-26,0.0036741884435274,0.2197128055956823,0.21927381897111548,0.00043898662456679774
2024-02-27,0.001058162805200902,0.05608993394563347,0.05597786614554228,0.00011206780009117576
2024-02-28,0.0,0.0,0.0,0.0
2024-02-29,0.0,0.0,0.0,0.0
2024-03-01,0.0,0.0,0.0,0.0
2024-03-04,-0.0041540220142768924,0.14343648788373792,0.14314990149435983,0.0002865863893780977
2024-03-05,0.0,0.0,0.0,0.0
2024-03-06,-0.005581046521385418,0.10149881924786308,0.101296024404211,0.0002027948436520741
2024-03-07,-0.0025535579513006603,0.03894001940810434,0.0388622171715247,7.780223657962905e-05
2024-03-08,-0.0016427134791519781,0.1139655298626988,0.11373782650632977,0.00022770335636902858
2024-03-11,0.001103366755587587,0.05544428092025575,0.05533350313619931,0.00011077778405645507
2024-03-12,0.0006609339925052083,0.055748526835749525,0.05563714116774602,0.00011138566800349554
2024-03-13,0.0,0.0,0.0,0.0
2024-03-14,0.0008467945117658032,0.0047259114022568305,0.0047164690218327405,9.442380424089571e-06
2024-03-15,0.0,0.0,0.0,0.0
2024-03-18,0.0005514044967532162,0.05618854566449924,0.05607628083799674,0.000112264826502496
2024-03-19,0.0,0.0,0.0,0.0
2024-03-20,0.0031894996383963455,0.07059411737207269,0.0704530701845161,0.00014104718755658882
2024-03-21,0.002769890396444419,0.1085567990069388,0.10833990230562623,0.00021689670131256505
2024-03-22,0.0008343713760277599,0.00466199163414089,0.0046526769655412074,9.314668599682096e-06
2024-03-25,0.0,0.0,0.0,0.0
2024-03-26,0.0,0.0,0.0,0.0
2024-03-27,0.0,0.0,0.0,0.0
2024-03-28,0.0,0.0,0.0,0.0
2024-04-01,0.00018939919864794462,0.001273050196876499,0.0012705066400395806,2.5435568369160795e-06
2024-04-02,0.00317384628193613,0.02311610040972979,0.023069914394925138,4.6186014804654926e-05
2024-04-03,0.0,0.0,0.0,0.0
2024-04-04,0.0017079522228904188,0.10637123562979299,0.1061587056884747,0.00021252994131826773
2024-04-05,0.006086132845312893,0.10738215724952388,0.10716760748478957,0.00021454976473431347
2024-04-08,0.0,0.0,0.0,0.0
2024-04-09,0.003732349710578631,0.10989105539905336,0.10967149285080352,0.00021956254824985686
2024-04-10,0.0,0.0,0.0,0.0
2024-04-11,0.0,0.0,0.0,0.0
2024-04-12,-0.0013371735303528264,0.11240065297597696,0.11217607624675421,0.00022457672922273115
2024-04-15,0.0,0.0,0.0,0.0
2024-04-16,0.0,0.0,0.0,0.0
2024-04-17,0.0,0.0,0.0,0.0
2024-04-18,0.0002477825272562173,0.10737151915427524,0.1071569906444765,0.00021452850979875173
2024-04-19,0.0,0.0,0.0,0.0
2024-04-22,0.0,0.0,0.0,0.0
2024-04-23,-0.0010595744093283455,0.09168925293839715,0.09150605762783093,0.0001831953105662281
2024-04-24,0.0,0.0,0.0,0.0
2024-04-25,-0.002020257139217585,0.053561679701402944,0.053454663358343195,0.00010701634305974614
2024-04-26,0.0,0.0,0.0,0.0
2024-04-29,0.0,0.0,0.0,0.0
2024-04-30,-0.008390971406857895,0.09877641672199514,0.09857906124402913,0.00019735547796602426
2024-05-02,0.0,0.0,0.0,0.0
2024-05-03,0.0,0.0,0.0,0.0
2024-05-06,0.006592914462907605,0.2039162885919215,0.20350886343988972,0.00040742515203181124
2024-05-07,0.0,0.0,0.0,0.0
2024-05-08,0.0053808557302647666,0.09553837820902605,0.09534749233847856,0.00019088587054750462
2024-05-09,-0.002120760693968182,0.0382955466687738,0.03821903209001501,7.651457875878881e-05
2024-05-10,-0.004364437978632014,0.01994824539899515,0.019908388764831322,3.985663416382647e-05
2024-05-13,0.0,0.0,0.0,0.0
2024-05-14,0.0,0.0,0.0,0.0
2024-05-15,0.0006342767890960643,0.0044274962473646795,0.004418650101016299,8.84614634838098e-06
2024-05-16,0.0008945250301793273,0.10695062193651797,0.10673693438020126,0.00021368755631671926
2024-05-17,0.0018614348433561136,0.09720892718183466,0.09701470355110173,0.00019422363073293638
2024-05-20,0.00388021966608302,0.06325283295532322,0.06312645366869919,0.0001263792866240224
2024-05-21,0.0,0.0,0.0,0.0
2024-05-22,-0.00043089623750071305,0.06269555743119848,0.0625702915821851,0.00012526584901338358
2024-05-23,0.0,0.0,0.0,0.0
2024-05-24,0.0,0.0,0.0,0.0
2024-05-27,-0.007226022273625177,0.09951091210657609,0.09931208910536417,0.00019882300121194026
2024-05-28,0.00041309095197926697,0.0467918035596334,0.04669831344263114,9.349011700226454e-05
2024-05-29,-0.00011265116929443987,0.10729202021984705,0.10707765054907811,0.00021436967076892517
2024-05-31,-0.0026318644317661006,0.09490839489108288,0.09471876772846333,0.0001896271626195462
2024-06-03,-0.0009622150364116422,0.05965676866645907,0.059537574323469136,0.0001191943429899282
2024-06-04,-0.0054144851026459,0.14370282685663432,0.14341570832145623,0.0002871185351780906
2024-06-05,-0.0006262205470260352,0.04555257166064361,0.045461557531451514,9.101412919209513e-05
2024-06-06,0.006876583155372363,0.060331246513715554,0.060210704562639196,0.00012054195107635475
2024-06-07,0.0,0.0,0.0,0.0
2024-06-10,0.0008382674299849291,0.0587345881316148,0.05861723630717602,0.0001173518244387908
2024-06-11,0.0,0.0,0.0,0.0
2024-06-12,0.0,0.0,0.0,0.0
2024-06-13,0.0,0.0,0.0,0.0
2024-06-14,-0.0030968095096930905,0.15467449462222213,0.154365454672927,0.0003090399492951491
2024-06-17,0.0,0.0,0.0,0.0
2024-06-18,0.0,0.0,0.0,0.0
2024-06-19,0.0011074052880466923,0.10074615218032945,0.10054486116698214,0.0002012910133473116
2024-06-20,0.0,0.0,0.0,0.0
2024-06-21,0.0,0.0,0.0,0.0
2024-06-24,0.0030463588135008026,0.06081841270771366,0.060696897397608335,0.000121515310105322
2024-06-25,-0.0013100007340617358,0.03690903135595328,0.03683528703755976,7.374431839351304e-05
2024-06-26,0.0,0.0,0.0,0.0
2024-06-27,0.0005423894264725693,0.004390203722190602,0.004381432086382029,8.771635808572632e-06
2024-06-28,0.0013463514292634704,0.09165198213840724,0.09146886129497385,0.00018312084343338107
2024-07-01,-0.0197473741970846,0.09414478559721788,0.09395668412749317,0.00018810146972471104
2024-07-02,0.0,0.0,0.0,0.0
2024-07-03,0.0,0.0,0.0,0.0
2024-07-04,0.0,0.0,0.0,0.0
2024-07-05,0.0011451760072588258,0.06162088139585845,0.061497762751710885,0.00012311864414756935
2024-07-08,0.005824104592447222,0.10546285148472999,0.1052521364967485,0.00021071498798147845
2024-07-09,0.0,0.0,0.0,0.0
2024-07-10,0.0,0.0,0.0,0.0
2024-07-11,0.0,0.0,0.0,0.0
2024-07-12,0.004752752561185281,0.0633699888683613,0.06324337550398894,0.00012661336437235025
2024-07-15,0.0,0.0,0.0,0.0
2024-07-16,0.0,0.0,0.0,0.0
2024-07-17,0.0020509460296617176,0.15466949420558973,0.154360464247137,0.00030902995845272674
2024-07-18,0.0,0.0,0.0,0.0
2024-07-19,-0.000959206874294255,0.04559162614849287,0.04550053398835602,9.109216013684888e-05
2024-07-22,-0.002020366283082109,0.10526029723504363,0.10504998695085772,0.00021031028418590136
2024-07-23,0.0,0.0,0.0,0.0
2024-07-24,-0.001120738843886443,0.045430094178900676,0.045339324759961816,9.07694189388625e-05
2024-07-25,0.0,0.0,0.0,0.0
2024-07-26,0.001095861741873011,0.10708563921884134,0.10687168189772478,0.00021395732111656614
2024-07-29,0.0,0.0,0.0,0.0
2024-07-30,0.0,0.0,0.0,0.0
2024-07-31,0.0,0.0,0.0,0.0
2024-08-01,0.0010008639987257428,0.062498626750436624,0.062373754369316865,0.0001248723811197535
2024-08-02,0.0016314661031559875,0.06351084313113474,0.06338394833966395,0.00012689479147079869
2024-08-05,-0.004571292273433845,0.1265819920816697,0.12632908100857942,0.0002529110730902491
2024-08-06,0.0,0.0,0.0,0.0
2024-08-07,0.0,0.0,0.0,0.0
2024-08-08,0.0,0.0,0.0,0.0
2024-08-09,0.0,0.0,0.0,0.0
2024-08-12,0.0,0.0,0.0,0.0
2024-08-13,0.0,0.0,0.0,0.0
2024-08-14,0.0,0.0,0.0,0.0
2024-08-15,0.0,0.0,0.0,0.0
2024-08-16,0.0032102547184117824,0.06463498459737002,0.06450584376900366,0.00012914082836637368
2024-08-19,0.0029639559406357155,0.04795626081038176,0.04786044410546591,9.581670491584766e-05
2024-08-20,0.0027248970255563526,0.02263328579038767,0.022588064440157127,4.52213502305448e-05
2024-08-21,0.0018760087668856285,0.06385290698812231,0.0637253287523818,0.0001275782357405041
2024-08-22,0.0,0.0,0.0,0.0
2024-08-23,0.005921018328886529,0.09188031114945376,0.09169673410420011,0.00018357704525365389
2024-08-26,0.0,0.0,0.0,0.0
2024-08-27,0.0005717264494335183,0.04721191318924593,0.04711758369236432,9.432949688161026e-05
2024-08-28,0.0,0.0,0.0,0.0
2024-08-29,0.0005711147783547921,0.04768869847071912,0.0475934163558925,9.528211482661163e-05
2024-08-30,0.0012065231953024575,0.00494585172983717,0.004935969908199133,9.881821638036302e-06
2024-09-02,0.0010351597437323779,0.04815196129158483,0.048055753576716535,9.620771486830136e-05
2024-09-03,0.0,0.0,0.0,0.0
2024-09-04,0.0002686970997122784,0.09238080772928867,0.09219623069086852,0.00018457703842015717
2024-09-05,0.0,0.0,0.0,0.0
2024-09-06,0.0,0.0,0.0,0.0
2024-09-09,-0.0007563102424862967,0.11102477208661204,0.11080294437015525,0.00022182771645676727
2024-09-10,0.0005377354255777345,0.048321534861568205,0.04822498833836827,9.654652319993647e-05
2024-09-11,0.0,0.0,0.0,0.0
2024-09-12,0.0009418628436047571,0.06310638547723649,0.06298029879296628,0.00012608668427020275
2024-09-13,0.0,0.0,0.0,0.0
2024-09-16,0.007726483834404547,0.011350785664197154,0.011328106771761194,2.2678892435958346e-05
2024-09-17,-0.0009014027458212449,0.04732358559254702,0.04722903297398049,9.45526185665275e-05
2024-09-18,0.0,0.0,0.0,0.0
2024-09-19,0.0,0.0,0.0,0.0
2024-09-20,0.0,0.0,0.0,0.0
2024-09-23,0.0,0.0,0.0,0.0
2024-09-24,-0.001146393754401598,0.10175210507746371,0.10154880416821804,0.00020330090924568177
2024-09-25,0.0,0.0,0.0,0.0
2024-09-26,0.0,0.0,0.0,0.0
2024-09-27,0.0,0.0,0.0,0.0
2024-09-30,0.006687834746328019,0.06811256462528627,0.0679764755850759,0.00013608904021036216
2024-10-01,0.0,0.0,0.0,0.0
2024-10-02,0.000783309621436139,0.06702446929847591,0.06689055427490252,0.00013391502357337843
2024-10-03,0.0,0.0,0.0,0.0
2024-10-04,-0.0027160094952833032,0.020734364413608843,0.020692937112083153,4.1427301525691996e-05
2024-10-07,0.0,0.0,0.0,0.0
2024-10-08,0.007341273401952163,0.045967070602103026,0.04587522830319773,9.184229890530074e-05
2024-10-09,0.0,0.0,0.0,0.0
2024-10-10,0.0,0.0,0.0,0.0
2024-10-11,0.0,0.0,0.0,0.0
2024-10-14,0.0,0.0,0.0,0.0
2024-10-15,-0.00023700854338568056,0.0472694076615998,0.04717496329064756,9.444437095224737e-05
2024-10-16,0.0,0.0,0.0,0.0
2024-10-17,-0.003241564438274116,0.1378900829798666,0.1376145783185682,0.00027550466129843483
2024-10-18,0.00041445526889982373,0.051645190243716055,0.05154200305042191,0.00010318719329413798
2024-10-21,-8.08637297596504e-05,0.046657145179479,0.046563924110189336,9.322106928966834e-05
2024-10-22,0.0,0.0,0.0,0.0
2024-10-23,0.003823985070718583,0.09593609570029497,0.09574441518940527,0.00019168051088970024
2024-10-24,-0.0006345513005219183,0.04631455363424297,0.04622201706354518,9.253657069778815e-05
2024-10-25,-0.01876673018119226,0.2553461024441556,0.2548359204212902,0.0005101820228654458
2024-10-28,-0.015324249880093474,0.15084815400008686,0.15054675908699977,0.0003013949130870866
2024-10-29,0.0008614908833032774,0.08957201521746615,0.08939305015209657,0.00017896506536956274
2024-10-30,0.0,0.0,0.0,0.0
2024-10-31,-0.0009535705150720375,0.061386707492394374,0.06126405672817381,0.00012265076422056818
2024-11-01,0.0,0.0,0.0,0.0
2024-11-04,-0.000784176362409027,0.04233833188319594,0.04225373981150124,8.459207169469718e-05
2024-11-05,0.00040511165364384705,0.04662712871718903,0.04653396762085099,9.316109633804001e-05
2024-11-06,-5.4874201377680404e-05,0.04668666207643026,0.04659338203232151,9.328004410875177e-05
2024-11-07,-0.00025739912241553583,0.08913565102968103,0.08895755782083051,0.00017809320885051156
2024-11-08,0.0,0.0,0.0,0.0
2024-11-11,-0.001153831402364125,0.02229654250652802,0.02225199397005144,4.454853647657946e-05
2024-11-12,-0.002943574719330373,0.05968850988505287,0.05956925212304477,0.00011925776200809764
2024-11-13,0.0010004042567616838,0.005059816433213999,0.005049706909870915,1.0109523343084913e-05
2024-11-14,-0.00408375233521116,0.16105697532107255,0.1607351831625889,0.0003217921584836614
2024-11-18,0.0008186023437407796,0.005153706047347857,0.00514340893236814,1.0297114979715998e-05
2024-11-19,0.0,0.0,0.0,0.0
2024-11-21,-0.003921225057564104,0.05905907373540217,0.058941073588078687,0.00011800014732348086
2024-11-22,0.0,0.0,0.0,0.0
2024-11-25,0.0,0.0,0.0,0.0
2024-11-26,0.0009414601403868712,0.022413925681454165,0.02236914261315955,4.478306829461371e-05
2024-11-27,-0.00024368198573686774,0.14833681926328218,0.14804044200201688,0.000296377261265299
2024-11-28,-0.00904876578908001,0.09375777213327643,0.09357044391722594,0.00018732821605050236
2024-11-29,0.018341972738046174,0.31440466190207866,0.3137764807594172,0.0006281811426614959
2024-12-02,0.0013308506967098955,0.1089580448619059,0.10874034647057343,0.00021769839133247936
2024-12-03,-0.004173913908516051,0.14174701310699606,0.14146380229159744,0.0002832108153985936
2024-12-04,0.0,0.0,0.0,0.0
2024-12-05,0.0,0.0,0.0,0.0
2024-12-06,-0.005114118550070524,0.14434678314505878,0.1440583779839298,0.00028840516112898856
2024-12-09,-0.0006913583613774477,0.046035894674887445,0.04594391486534721,9.197980954023466e-05
2024-12-10,0.0034865115230149003,0.10877884094637291,0.10856150060482173,0.00021734034155119466
2024-12-11,0.0,0.0,0.0,0.0
2024-12-12,-0.0023179985827458866,0.08456375787371383,0.08439479931652358,0.0001689585571902374
2024-12-13,-0.004261298020602345,0.05629150009025288,0.056179029560602015,0.00011247052965085488
2024-12-16,0.0006843584811877257,0.1535017462667367,0.15319504947099896,0.00030669679573773565
2024-12-17,0.0004343701880106854,0.0044175076970769745,0.004408681507872026,8.826189204949002e-06
2024-12-18,0.00044118722678157475,0.004319730782581655,0.004311099951847226,8.630830734428881e-06
2024-12-19,-0.0008705350327645033,0.09536609228852402,0.09517555064558993,0.00019054164293411398
2024-12-20,0.007944030797669753,0.2083011384263622,0.20788495233560023,0.00041618609076196243
2024-12-23,-0.011144101525324402,0.08829586303261706,0.08811944772186259,0.00017641531075447965
2024-12-26,-0.0022090234878382356,0.1320213880523717,0.13175760905526407,0.00026377899710763576
2024-12-27,0.0,0.0,0.0,0.0
2024-12-30,0.002885934590198416,0.14315910065689985,0.14287306848775522,0.00028603216914465507
2025-01-02,0.0,0.0,0.0,0.0
2025-01-03,0.0,0.0,0.0,0.0
2025-01-06,-0.0016531226354018491,0.08909710908674745,0.08891909288477595,0.0001780162019715234
2025-01-07,0.0002086841983065746,0.1004756239102569,0.1002748734129337,0.0002007504973231906
2025-01-08,-0.000792802921237279,0.05445944115953413,0.0543506310872873,0.00010881007224682142
2025-01-09,-0.005294988214397996,0.16938838052980726,0.16904994220707042,0.0003384383227368777
2025-01-10,0.0,0.0,0.0,0.0
2025-01-13,0.0,0.0,0.0,0.0
2025-01-14,0.0,0.0,0.0,0.0
2025-01-15,-0.0008046943298152476,0.044217935002347046,0.04412958747986483,8.834752248221187e-05
2025-01-16,0.0,0.0,0.0,0.0
2025-01-17,0.0,0.0,0.0,0.0
2025-01-20,0.0,0.0,0.0,0.0
2025-01-21,0.0,0.0,0.0,0.0
2025-01-22,0.0,0.0,0.0,0.0
2025-01-23,0.0,0.0,0.0,0.0
2025-01-24,-0.000490159990512562,0.04380440697061384,0.043716885677965264,8.752129264857911e-05
2025-01-27,0.0,0.0,0.0,0.0
2025-01-28,0.0007306424165523407,0.0444475280945176,0.04435872184457851,8.880624993909612e-05
2025-01-29,0.0,0.0,0.0,0.0
2025-01-30,0.0,0.0,0.0,0.0
2025-01-31,0.0,0.0,0.0,0.0
2025-02-03,0.0,0.0,0.0,0.0
2025-02-04,0.0011251580943299534,0.04545180249718241,0.04536098970498025,9.081279220216266e-05
2025-02-05,0.0,0.0,0.0,0.0
2025-02-06,0.0017377753429642351,0.03934574021238336,0.039267127344826146,7.86128675572095e-05
2025-02-07,0.008732416295036993,0.10178239539108401,0.10157903396173118,0.0002033614293528152
2025-02-10,0.004622084608942545,0.11153494060284429,0.11131209356867278,0.00022284703417151707
2025-02-11,0.0,0.0,0.0,0.0
2025-02-12,0.0,0.0,0.0,0.0
2025-02-13,0.0,0.0,0.0,0.0
2025-02-14,0.0,0.0,0.0,0.0
2025-02-17,0.0,0.0,0.0,0.0
2025-02-18,0.002385263708747787,0.0574642758871726,0.05734946214913629,0.00011481373803630888
2025-02-19,0.0,0.0,0.0,0.0
2025-02-20,0.0017342978158168655,0.05767843186493489,0.05756319024282713,0.00011524162210776201
2025-02-21,0.0,0.0,0.0,0.0
2025-02-24,-0.0018881759634677626,0.03737895138135838,0.037304268161815216,7.46832195431736e-05
2025-02-25,-0.013538703855656177,0.0877468171907504,0.08757149887468499,0.0001753183160654354
2025-02-26,0.00044817643090192677,0.006858329893854798,0.00684462693702392,1.3702956830878718e-05
2025-02-27,0.006714924723850768,0.10188380522262908,0.10168024117623023,0.00020356404639885933
2025-02-28,0.0,0.0,0.0,0.0
2025-03-05,0.0,0.0,0.0,0.0
2025-03-06,0.0,0.0,0.0,0.0
2025-03-07,0.0030403052408053233,0.0975791097800334,0.09738414652372962,0.00019496325630376303
2025-03-10,-0.0010331963378212804,0.096276483900354,0.09608412329316049,0.0001923606071935145
2025-03-11,0.0032275903401030926,0.059171724389221116,0.059053499165666226,0.00011822522355488734
2025-03-12,0.0,0.0,0.0,0.0
2025-03-13,3.9415927016805964e-05,0.058347760631263484,0.058231181688943284,0.00011657894232020676
2025-03-14,0.0,0.0,0.0,0.0
2025-03-17,0.022105817592350644,0.1625165852883636,0.16219187682624897,0.0003247084621146126
2025-03-18,0.0,0.0,0.0,0.0
2025-03-19,0.0,0.0,0.0,0.0
2025-03-20,0.0014618704041195587,0.05969305209306283,0.05957378525571405,0.00011926683734877688
2025-03-21,0.0024266527456826927,0.03988276926129986,0.03980308340862994,7.96858526699298e-05
2025-03-24,0.0,0.0,0.0,0.0
2025-03-25,0.0,0.0,0.0,0.0
2025-03-26,0.0,0.0,0.0,0.0
2025-03-27,7.946182673744806e-05,0.04605288315592191,0.04596086940336263,9.201375255928454e-05
2025-03-28,0.0,0.0,0.0,0.0
2025-03-31,0.0,0.0,0.0,0.0
2025-04-01,0.0037093895548977575,0.16098235252693316,0.1606607094649413,0.00032164306199187445
2025-04-02,0.0,0.0,0.0,0.0
2025-04-03,0.0022417343658266867,0.06118279934580705,0.06106055599047077,0.0001222433553362778
2025-04-04,0.0003239492743111139,0.046265511899626105,0.046173073314412075,9.243858521403818e-05
2025-04-07,0.0008789755339411908,0.10774212312349057,0.10752685414622087,0.00021526897726971146
2025-04-08,0.0,0.0,0.0,0.0
2025-04-09,0.0,0.0,0.0,0.0
2025-04-10,0.0,0.0,0.0,0.0
2025-04-11,0.0008068563097687776,0.09214206610125296,0.09195796606908263,0.00018410003217033557
2025-04-14,0.00032550922364591454,0.046304492258187224,0.046211975790138894,9.251646804832612e-05
2025-04-15,-0.0007933432618210169,0.045418632528317876,0.04532788600977978,9.074651853809766e-05
2025-04-16,-0.0002707838389170436,0.09103608520540404,0.09085419492527337,0.00018189028013067743
2025-04-17,0.002552302370716859,0.1588113306020523,0.15849402524620404,0.0003173053558482564
2025-04-22,0.00010616884893701828,0.11302607984176911,0.11280025350841891,0.00022582633335018805
2025-04-23,0.0,0.0,0.0,0.0
2025-04-24,0.0,0.0,0.0,0.0
2025-04-25,0.0,0.0,0.0,0.0
2025-04-28,0.0007700382033180879,0.06706655108659497,0.06693255198352485,0.0001339991030701198
2025-04-29,0.013757965756150467,0.18451512287468963,0.18414646129052448,0.00036866158416521414
2025-04-30,0.0,0.0,0.0,0.0
2025-05-02,0.0,0.0,0.0,0.0
2025-05-05,0.005809562351042332,0.009352729147774085,0.009334042376250061,1.868677152402415e-05
2025-05-06,0.0010008773903225578,0.11119216723598283,0.11097000506368317,0.00022216217229966602
2025-05-07,-0.0005249725814167605,0.04692425099354825,0.046830496246308397,9.375474723985664e-05
2025-05-08,0.0,0.0,0.0,0.0
2025-05-09,0.003081707162140157,0.06660248865085831,0.06646941674546201,0.00013307190539632035
2025-05-12,0.00946165821351335,0.06622033433048789,0.06608802597018722,0.0001323083603006751
2025-05-13,0.0,0.0,0.0,0.0
2025-05-14,0.001103279008255237,0.047782799592610475,0.047687329463554314,9.54701290561648e-05
2025-05-15,0.0014429410769823182,0.0665090219113424,0.06637613675267838,0.00013288515866402082
2025-05-16,-0.000701942353332341,0.018513910462771326,0.01847691963267588,3.699083009544721e-05
2025-05-19,0.0,0.0,0.0,0.0
2025-05-20,0.0,0.0,0.0,0.0
2025-05-21,0.0038101202187985185,0.0701862569714769,0.07004602468981562,0.0001402322816612925
2025-05-22,0.0,0.0,0.0,0.0
2025-05-23,0.0003690293950851853,0.04805635885863951,0.047960342157623244,9.601670101626276e-05
2025-05-26,0.0,0.0,0.0,0.0
2025-05-27,0.0,0.0,0.0,0.0
2025-05-28,0.0,0.0,0.0,0.0
2025-05-29,0.0012285138945052898,0.04854844526549454,0.048451445374854185,9.699989064034871e-05
2025-05-30,0.0,0.0,0.0,0.0
2025-06-02,0.0,0.0,0.0,0.0
2025-06-03,-0.003163000111652681,0.08760791079575826,0.08743287001494755,0.0001750407808107058
2025-06-04,0.0,0.0,0.0,0.0
2025-06-05,0.0,0.0,0.0,0.0
2025-06-06,0.0,0.0,0.0,0.0
2025-06-09,0.0,0.0,0.0,0.0
2025-06-10,0.0,0.0,0.0,0.0
2025-06-11,0.0,0.0,0.0,0.0
2025-06-12,0.0,0.0,0.0,0.0
2025-06-13,0.0,0.0,0.0,0.0
2025-06-16,0.0063518688276640155,0.11816796096622281,0.11793186114411248,0.00023609982211033527
2025-06-17,0.0,0.0,0.0,0.0
2025-06-18,0.0,0.0,0.0,0.0
2025-06-20,0.0,0.0,0.0,0.0
2025-06-23,0.0,0.0,0.0,0.0
2025-06-24,0.0,0.0,0.0,0.0
2025-06-25,0.0,0.0,0.0,0.0
2025-06-26,0.0011292780606148051,0.019606197693290684,0.01956702447112627,3.917322216441695e-05
2025-06-27,0.0,0.0,0.0,0.0
2025-06-30,0.0,0.0,0.0,0.0
2025-07-01,0.0,0.0,0.0,0.0
2025-07-02,0.0,0.0,0.0,0.0
2025-07-03,0.0,0.0,0.0,0.0
2025-07-04,0.03183943459093798,0.09397264157098965,0.09378488404537329,0.00018775752561636292
2025-07-07,0.0,0.0,0.0,0.0
2025-07-08,0.0,0.0,0.0,0.0
2025-07-09,0.002958987309579091,0.16818561296986398,0.16784957777911497,0.000336035190748979
2025-07-10,-0.0008848576659806873,0.04665049166048641,0.046557283884940986,9.32077755454274e-05
2025-07-11,0.0,0.0,0.0,0.0
2025-07-14,0.0,0.0,0.0,0.0
2025-07-15,-0.0008953339212608825,0.045661949963680094,0.04557071729641999,9.123266726010009e-05
2025-07-16,0.0,0.0,0.0,0.0
2025-07-17,-0.0010979673962071502,0.0454550659152364,0.04536424660271845,9.081931251795485e-05
2025-07-18,0.0,0.0,0.0,0.0
2025-07-21,0.0,0.0,0.0,0.0
2025-07-22,-0.001179715970979567,0.04537331734046399,0.04528266136176176,9.065597870222574e-05
2025-07-23,0.0,0.0,0.0,0.0
2025-07-24,0.0,0.0,0.0,0.0
2025-07-25,-0.00018145399701592347,0.04514199998522418,0.0450518061790599,9.019380616428407e-05
2025-07-28,-0.00014204832781911092,0.09062886257959184,0.09044778593108116,0.00018107664851067302
2025-07-29,0.0,0.0,0.0,0.0
2025-07-30,0.013563566090202884,0.11435098969485347,0.11412251618896965,0.00022847350588382317
2025-07-31,0.0,0.0,0.0,0.0
2025-08-01,0.0030251576721703932,0.10948300972768817,0.10926426245550497,0.00021874727218319312
2025-08-04,0.0,0.0,0.0,0.0
2025-08-05,-0.0016886250809023883,0.11621806920839327,0.11598586527391093,0.0002322039344823042
2025-08-06,0.0,0.0,0.0,0.0
2025-08-07,0.0,0.0,0.0,0.0
2025-08-08,0.0004077041047118868,0.045459510283771785,0.04536868209139661,9.08281923751684e-05
2025-08-11,0.0,0.0,0.0,0.0
2025-08-12,0.00043746280306390276,0.16439162572735522,0.16406317093069717,0.0003284547966580524
2025-08-13,0.0,0.0,0.0,0.0
2025-08-14,3.0748295276877836e-05,0.04537681633209524,0.045286153362400744,9.066296969449599e-05
2025-08-15,-0.006297281368616542,0.12593636339948702,0.12568474229379373,0.00025162110569328073
2025-08-18,0.0,0.0,0.0,0.0
2025-08-19,0.0,0.0,0.0,0.0
2025-08-20,-0.0022690290402686553,0.131907727496966,0.13164417559387517,0.00026355190309084115
2025-08-21,0.0,0.0,0.0,0.0
2025-08-22,0.001493017489928436,0.06153807314443393,0.06141511995133815,0.0001229531930957721
2025-08-25,-0.0013572425190899631,0.06120255151215284,0.061080268691948734,0.00012228282020410158
2025-08-26,0.0006205394089225714,0.047173898858661446,0.0470796453144883,9.425354417314975e-05
2025-08-27,0.0,0.0,0.0,0.0
2025-08-28,0.0,0.0,0.0,0.0
2025-08-29,0.0,0.0,0.0,0.0
2025-09-01,0.005356698907648987,0.12396479379512196,0.12371711188943736,0.00024768190568455933
2025-09-02,0.03424716776367713,0.22074890937943736,0.22030785261744054,0.0004410567619968779
2025-09-03,0.0,0.0,0.0,0.0
2025-09-04,0.0016554120042054298,0.12290247673307232,0.12265691733900026,0.00024555939407207257
2025-09-05,0.0,0.0,0.0,0.0
2025-09-08,0.007916273722977924,0.14105985907647078,0.14077802119619812,0.00028183788027266894
2025-09-09,0.0006618538160061638,0.04790738719086284,0.04781166813553644,9.571905532639927e-05
2025-09-10,0.0,0.0,0.0,0.0
2025-09-11,0.0,0.0,0.0,0.0
2025-09-12,0.0,0.0,0.0,0.0
2025-09-15,0.001737464312417425,0.09262778524703644,0.09244271474704235,0.00018507049999407882
2025-09-16,0.0,0.0,0.0,0.0
2025-09-17,0.0,0.0,0.0,0.0
2025-09-18,0.0034709411291163716,0.12612785846811664,0.12587585475489363,0.00025200371322301027
2025-09-19,0.0,0.0,0.0,0.0
2025-09-22,0.0,0.0,0.0,0.0
2025-09-23,0.0,0.0,0.0,0.0
2025-09-24,0.0058403060606525975,0.13401533597210252,0.13374757306306734,0.00026776290903516984
2025-09-25,0.0037565388482317776,0.12087437254010014,0.12063286530225778,0.0002415072378423579
2025-09-26,0.0,0.0,0.0,0.0
2025-09-29,0.0,0.0,0.0,0.0
2025-09-30,0.0,0.0,0.0,0.0
2025-10-01,0.0,0.0,0.0,0.0
2025-10-02,0.0026016787038590783,0.09504439345090143,0.09485449456288764,0.0001898988880137891
2025-10-03,0.0,0.0,0.0,0.0
2025-10-06,0.0,0.0,0.0,0.0
2025-10-07,0.0017511453481142136,0.07296423116877239,0.0728184484891145,0.00014578267965788692
2025-10-08,0.0,0.0,0.0,0.0
2025-10-09,0.0,0.0,0.0,0.0
2025-10-10,0.0,0.0,0.0,0.0
2025-10-13,0.0,0.0,0.0,0.0
2025-10-14,0.0,0.0,0.0,0.0
2025-10-15,0.0016466901355682408,0.04980566341209842,0.04970615159708923,9.951181500918766e-05
2025-10-16,0.0,0.0,0.0,0.0
2025-10-17,0.001626492078420372,0.07251514653064671,0.07237026112299308,0.00014488540765363977
2025-10-20,0.0,0.0,0.0,0.0
2025-10-21,0.0,0.0,0.0,0.0
2025-10-22,0.00043416968552763003,0.04999713522487204,0.049897240848798374,9.989437607367042e-05
2025-10-23,0.0,0.0,0.0,0.0
2025-10-24,0.0,0.0,0.0,0.0
2025-10-27,0.0013963011649860025,0.05129354201378436,0.05119105741435623,0.00010248459942814059
2025-10-28,0.03562800308715528,0.14975051927612493,0.1494513174394094,0.00029920183671553434
2025-10-29,0.0,0.0,0.0,0.0
2025-10-30,0.0,0.0,0.0,0.0
2025-10-31,0.0,0.0,0.0,0.0
2025-11-03,0.02055711742138981,0.21177354511471125,0.21135042114844807,0.0004231239662631594
2025-11-04,0.001016224656759446,0.06662141952661021,0.06648830979728633,0.00013310972932389657
2025-11-05,0.0,0.0,0.0,0.0
2025-11-06,0.015536696411856359,0.15201859870495804,0.15171486524101208,0.00030373346394597017
2025-11-07,0.0036690741495602253,0.055609908674631815,0.0554987999659912,0.00011110870864062301
2025-11-10,0.010940226730657044,0.15668545300925435,0.156372395161084,0.0003130578481703383
2025-11-11,0.0,0.0,0.0,0.0
2025-11-12,0.0,0.0,0.0,0.0
2025-11-13,0.0,0.0,0.0,0.0
2025-11-14,0.006519022823811821,0.0751565422576793,0.07500637933608553,0.00015016292159376483
2025-11-17,0.00594925965195734,0.0625244721413454,0.062399548121082976,0.00012492402026242837
2025-11-18,0.0,0.0,0.0,0.0
2025-11-19,0.003414480200020598,0.05998969268940866,0.05986983316355569,0.00011985952585296435
2025-11-21,0.0,0.0,0.0,0.0
2025-11-24,0.0,0.0,0.0,0.0
2025-11-25,-0.0010396663055141642,0.06009502433680517,0.05997495435811027,0.00012006997869491543
2025-11-26,0.02271699995687673,0.1634628827984337,0.16313628363200328,0.00032659916643043704
2025-11-27,-2.064920149850158e-05,0.014053669719300655,0.01402559045912223,2.8079260178422887e-05
2025-11-28,0.0,0.0,0.0,0.0
2025-12-01,-0.0020808149059102668,0.05905387573640906,0.05893588597469795,0.000117989761711107
2025-12-02,0.018069698985482975,0.21257001344236043,0.2121452981307873,0.0004247153115731477
2025-12-03,-0.0015861716171182262,0.05786924854928588,0.05775362567506154,0.00011562287422434743
2025-12-04,0.0,0.0,0.0,0.0
2025-12-05,0.0,0.0,0.0,0.0
2025-12-08,0.008725073469152406,0.18588694756027793,0.18551554506765003,0.00037140249262792793
2025-12-09,0.0,0.0,0.0,0.0
2025-12-10,0.0,0.0,0.0,0.0
2025-12-11,0.0,0.0,0.0,0.0
2025-12-12,-0.0018365092279198582,0.05761891093848425,0.05750378823930646,0.00011512269917779072
2025-12-15,0.0,0.0,0.0,0.0
2025-12-16,-0.00031056011474616123,0.057318146842437835,0.05720362507052487,0.0001145217719129627
2025-12-17,0.0,0.0,0.0,0.0
2025-12-18,-0.001801498707407978,0.05582720824977602,0.055715665376150095,0.00011154287362592611
2025-12-19,0.0,0.0,0.0,0.0
2025-12-22,0.0,0.0,0.0,0.0
2025-12-23,0.0,0.0,0.0,0.0
2025-12-26,0.00047682028941116173,0.05693646551274865,0.05682270634089501,0.00011375917185364364
2025-12-29,0.0,0.0,0.0,0.0
2025-12-30,0.0,0.0,0.0,0.0
